Tmax,lat_max,long_max,elevation_max,tmin,lat_min,long_min,elevation_min,Phylum
35.7,-22,-43.5,0,8.23,-22,-43.5,0,Chordata
35.1,46.2,-119,,1.7,46.2,-119,,Chordata
44.2,26,-97.15,0,6.9,26,-97.15,0,Chordata
23.2,52,-128.9,0,-0.7,52,-128.9,0,Chordata
21.5,52,-128.9,0,-0.7,52,-128.9,0,Chordata
27.5,49.4,-123.4,0,0,49.4,-123.4,0,Chordata
28,48.1,-123.1,0,0,48.1,-123.1,0,Chordata
35.7,18,-64.5,0,15,18,-64.5,0,Chordata
35.7,18,-64.5,0,15,18,-64.5,0,Chordata
40.5,37.16,-76.5,0,,,,,Chordata
38.4,33,-111,1000,4.8,25,-107.5,150,Chordata
34.4,33,-111,1000,6.7,43,-110,,Chordata
38.2,33,-111,1000,,,,,Chordata
35.1,33,-111,1000,,,,,Chordata
40,33,-111,1000,,,,,Chordata
37.2,33,-111,1000,,,,,Chordata
37,33,-111,1000,,,,,Chordata
36.6,33,-111,1000,,,,,Chordata
34.7,33,-111,1000,,,,,Chordata
35.3,33,-111,1000,,,,,Chordata
36.7,33,-111,1000,,,,,Chordata
32.6,42.5,-122,1250,,,,,Chordata
32.7,42.5,-122,1250,,,,,Chordata
31.5,42.5,-122,1250,,,,,Chordata
36.2,33.2,-97.1,199.5,3.2,33.2,-97.1,,Chordata
34.5,34,-120.8,0,5.3,34,-120.8,0,Chordata
33.4,33,-117.5,0,5.9,33,-117.5,0,Chordata
36.1,33,-117.5,0,2.2,33,-117.5,0,Chordata
31,54,-3,6,1,54,-3,6,Chordata
40.1,-5.45,123.77,0,12.9,-5.45,123.77,0,Chordata
42.4,-5.45,123.77,0,9.5,-5.45,123.77,0,Chordata
43,-5.45,123.77,0,9.8,-5.45,123.77,0,Chordata
40.5,-5.45,123.77,0,12,-5.45,123.77,0,Chordata
44.5,-5.45,123.77,0,9.9,-5.45,123.77,0,Chordata
34.6,34.4,-118.5,500,,,,,Chordata
42.5,36,-117,1179,0.75,36,-117,1179,Chordata
30,42,-70,0,0.6,42,-70,0,Chordata
29.9,48.8,-122.3,400,,,,,Chordata
43.7,16.8,-88.1,5,,,,,Chordata
42.2,16.8,-88.1,5,,,,,Chordata
42.2,16.8,-88.1,5,,,,,Chordata
43,17.03,-96.5,1670,7.5,17.03,-96.5,1670,Chordata
32.3,36,-94,350,,,,,Chordata
31.8,39.3,-84.6,191,4.5,39.3,-84.6,191,Chordata
30.8,39.3,-84.6,191,4.5,39.3,-84.6,191,Chordata
31.3,39.3,-84.6,191,6.4,39.3,-84.6,191,Chordata
32.5,40,-74,0,1.5,40,-74,0,Chordata
29.1,40,-74,0,1,40,-74,0,Chordata
32.5,40,-74,0,7.6,40,-74,0,Chordata
30.9,43,-78.5,250,,,,,Chordata
32.2,43,-78.5,250,,,,,Chordata
30.8,43,-78.5,250,,,,,Chordata
31.9,43,-78.5,250,,,,,Chordata
31.4,43,-78.5,250,,,,,Chordata
29.4,33.9,-110.2,1550,,,,,Chordata
29.6,33.5,-108.5,2400,,,,,Chordata
29.8,33.9,-110.2,1550,,,,,Chordata
29.8,33.9,-110.2,1550,,,,,Chordata
29.8,34.2,-96.6,200,,,,,Chordata
30.7,34.2,-96.6,200,,,,,Chordata
29.8,34.2,-96.6,200,,,,,Chordata
36.88,34.2,-96.6,200,,,,,Chordata
28.37,34.2,-96.6,200,,,,,Chordata
30.1,34.2,-96.6,200,,,,,Chordata
31.32,34.2,-96.6,200,,,,,Chordata
29.5,34.2,-96.6,200,,,,,Chordata
28.98,34.2,-96.6,200,,,,,Chordata
30.38,34.2,-96.6,200,,,,,Chordata
30.87,34.2,-96.6,200,,,,,Chordata
30.8,34.2,-96.6,200,,,,,Chordata
29.24,34.2,-96.6,200,,,,,Chordata
28.3,34.2,-96.6,200,,,,,Chordata
30.76,34.2,-96.6,200,,,,,Chordata
30.69,34.2,-96.6,200,,,,,Chordata
29.13,34.2,-96.6,200,,,,,Chordata
30.1,34.2,-96.6,200,,,,,Chordata
30.45,34.2,-96.6,200,,,,,Chordata
33.3,38,-9,0,,,,,Chordata
33.8,38,-9,0,,,,,Chordata
31.1,38,-9,0,,,,,Chordata
34.1,38,-9,0,,,,,Chordata
38,38,-9,0,,,,,Chordata
27.38,38,-9,0,,,,,Chordata
33.7,38,-9,0,,,,,Chordata
33.8,38,-9,0,,,,,Chordata
32.9,38,-9,0,,,,,Chordata
38.6,35.2,-97.5,330,,,,,Chordata
34.9,35.9,-117.7,700,4.8,35.9,-117.7,700,Chordata
29,33.5,-82,50,,,,,Chordata
30,33.5,-82,50,,,,,Chordata
39.8,33.5,-81.7,475,,,,,Chordata
35.9,2.96,-78.2,0,13.1,2.96,-78.2,0,Chordata
34.7,2.96,-78.2,0,10.8,2.96,-78.2,0,Chordata
39.6,2.96,-78.2,0,11.9,2.96,-78.2,0,Chordata
35.2,2.96,-78.2,0,11.2,2.96,-78.2,0,Chordata
35.8,2.96,-78.2,0,11.4,2.96,-78.2,0,Chordata
35.4,2.96,-78.2,0,12.3,2.96,-78.2,0,Chordata
38,2.96,-78.2,0,12.4,2.96,-78.2,0,Chordata
37.2,2.96,-78.2,0,13.2,2.96,-78.2,0,Chordata
35.8,2.96,-78.2,0,15.6,2.96,-78.2,0,Chordata
37.4,2.96,-78.2,0,12,2.96,-78.2,0,Chordata
38.2,2.96,-78.2,0,12.5,2.96,-78.2,0,Chordata
40.8,2.96,-78.2,0,10.8,2.96,-78.2,0,Chordata
35.3,2.96,-78.2,0,13.4,2.96,-78.2,0,Chordata
37.7,2.96,-78.2,0,12.6,2.96,-78.2,0,Chordata
36,2.96,-78.2,0,16.3,2.96,-78.2,0,Chordata
38.8,40,-83,250,,,,,Chordata
37,40,-83,250,,,,,Chordata
41.4,36.5,-120,200,,,,,Chordata
29.4,42.2,-86.7,120,3.5,42.2,-86.7,120,Chordata
32.8,42.4,-87.8,180,6,42.4,-87.8,180,Chordata
40,-1.9,36.2,650,16,-1.9,36.2,650,Chordata
39.7,-36.6,174.5,37,,,,,Chordata
37.3,-36.6,174.5,37,,,,,Chordata
30,-36.6,174.5,37,,,,,Chordata
28.5,-36.6,174.5,37,,,,,Chordata
30.8,-36.6,174.5,37,,,,,Chordata
28.5,-36.6,174.5,37,,,,,Chordata
39.3,32,-97,200,,,,,Chordata
40,9.5,-78,0,10,9.5,-78,0,Chordata
20,71,-156.47,0,-2,71,-156.47,0,Chordata
40,9.5,-78,0,10,9.5,-78,0,Chordata
40,9.5,-78,0,10,9.5,-78,0,Chordata
40,9.5,-78,0,15,9.5,-78,0,Chordata
40,9.5,-78,0,10,9.5,-78,0,Chordata
25,71,-156.47,0,-2,71,-156.47,0,Chordata
35,9.5,-78,0,10,9.5,-78,0,Chordata
25,60.8,-161.8,0,,,,,Chordata
20,40,-74,0,,,,,Chordata
38.1,39,-91,150,,,,,Chordata
37.9,39.5,-91.5,200,,,,,Chordata
34.9,39.5,-91.5,200,,,,,Chordata
35.6,38,-92,200,,,,,Chordata
36,38,-92,200,,,,,Chordata
36.4,39.5,-91.5,200,,,,,Chordata
38.3,39,-91,150,,,,,Chordata
38.8,38,-92,200,,,,,Chordata
37,38,-92,200,,,,,Chordata
36,39,-93,200,,,,,Chordata
36.4,39.5,-91.5,200,,,,,Chordata
35.7,39,-93,200,,,,,Chordata
35.3,38,-92,200,,,,,Chordata
36.2,39,-93,200,,,,,Chordata
35.6,38,-92,200,,,,,Chordata
36.6,39.5,-91.5,200,,,,,Chordata
36.2,38,-92,200,,,,,Chordata
35.3,39,-93,200,,,,,Chordata
37,39,-92.5,250,,,,,Chordata
36.5,39,-93,200,,,,,Chordata
35.9,38,-92,200,,,,,Chordata
36.5,39.5,-91.5,200,,,,,Chordata
35.7,39.5,-91.5,200,,,,,Chordata
36.7,39,-104,1850,,,,,Chordata
6.02,-77.5,165,0,,,,,Chordata
6,-77.5,165,0,,,,,Chordata
8.98,-77.5,165,0,,,,,Chordata
32,34.9,138.6,0,8,34.9,138.6,0,Chordata
30,34.9,138.6,0,6,34.9,138.6,0,Chordata
29,38.1,-122,0,2.5,38.1,-122,0,Chordata
25.4,38.7,-121.1,0,7.5,38.7,-121.1,0,Chordata
41.6,-5.7,123.7,0,11.4,-5.7,123.7,0,Chordata
40.7,-5.7,123.7,0,12.8,-5.7,123.7,0,Chordata
34,20,-156.4,0,14.1,20,-156.4,0,Chordata
10,-61.72,-59.2,0,,,,,Chordata
39.3,-23.8,-45.4,0,,,,,Chordata
36.6,-23.8,-45.4,0,,,,,Chordata
29,38.3,-121.6,0,7.3,38.3,-121.6,0,Chordata
26.7,54.5,10.2,0,,,,,Chordata
,,,,6.8,26,-109,100,Chordata
,,,,-1.2,-26.7,-65.7,1400,Basidiomycota
35.8,29.9,-98,190,,,,,Chordata
39.9,31,-112,304.8,2.5,31,-112,304.8,Chordata
37.3,14.58,-90.53,914.4,9.5,14.58,-90.53,914.4,Chordata
38,38,-119.3,2743.2,-2,38,-119.3,2743.2,Chordata
41.3,31,-112,304.8,-4,31,-112,304.8,Chordata
40.1,27,-109.7,304.8,2.5,27,-109.7,304.8,Chordata
37.1,38,-118,1524,-4,38,-118,1524,Chordata
37.5,10,-83.7,579.12,9.5,10,-83.7,579.12,Chordata
41.8,9,-79.5,304.8,11,9,-79.5,304.8,Chordata
40.2,17,-96.7,304.8,7.8,17,-96.7,304.8,Chordata
39.9,27,-109.7,304.8,5,27,-109.7,304.8,Chordata
36.2,36.91,-116.76,1524,,36.91,-116.76,1524,Chordata
31.4,10,-83.7,1554.48,6,10,-83.7,1554.48,Chordata
34.8,10,-83.5,304.8,9.5,10,-83.5,304.8,Chordata
37.7,34.12,-116.82,2743.2,-1,34.12,-116.82,2743.2,Chordata
38.1,16.75,-92.63,2255.52,-2.2,16.75,-92.63,2255.52,Chordata
39.8,30,-110.7,304.8,5,30,-110.7,304.8,Chordata
28.8,24,-106.9,304.8,2.5,24,-106.9,304.8,Chordata
36.8,34,-116.7,609.6,-1.4,34,-116.7,609.6,Chordata
36.6,34,-117.7,304.8,-1,34,-117.7,304.8,Chordata
39.5,28,-109.7,304.8,6.5,28,-109.7,304.8,Chordata
33.6,40,-120.8,2133.6,-1,40,-120.8,2133.6,Chordata
36.9,9.75,-83.75,579.12,-1,9.75,-83.75,579.12,Chordata
35.2,16.7,-92.8,2255.5,-1.6,16.7,-92.8,2255.5,Chordata
34.8,51,-121.5,609.6,-1,51,-121.5,609.6,Chordata
32.8,10,-83.7,1554.48,4.8,10,-83.7,1554.48,Chordata
40.4,30,-106.9,304.8,5,30,-106.9,304.8,Chordata
40.3,30,-110.3,304.8,0,30,-110.3,304.8,Chordata
42.5,22,-104.8,304.8,5,22,-104.8,304.8,Chordata
36.9,22,-102,1524,,,,,Chordata
36.5,34.12,-116.82,2743.2,,,,,Chordata
34,39.72,-122.81,914.4,,,,,Chordata
33.6,40.74,-73.95,304.8,,,,,Chordata
35,40.74,-73.95,304.8,,,,,Chordata
31.3,40.74,-73.95,304.8,,,,,Chordata
34,40.74,-73.95,304.8,,,,,Chordata
31.2,-33.43,151.35,304.8,,,,,Chordata
33.3,-17.82,146,304.8,,,,,Chordata
31,-28.28,153.11,762,,,,,Chordata
34.6,-37.5,142.5,304.8,,,,,Chordata
34,-31.55,147.2,304.8,,,,,Chordata
35.7,-38,142.5,304.8,,,,,Chordata
35,-37,144.3,304.8,,,,,Chordata
33.8,-20,146.8,304.8,,,,,Chordata
32.9,-36.41,148.4,1981.2,,,,,Chordata
36.2,-38.59,146.1,304.8,,,,,Chordata
41.4,-17.93,145.92,304.8,,,,,Chordata
39.3,-21,148.3,304.8,,,,,Chordata
38.9,-17.27,145.48,731.5,,,,,Chordata
30.7,-30.5,152.9,1371.6,,,,,Chordata
32.8,-38,145.2,304.8,,,,,Chordata
31.3,-33.38,151.3,304.8,,,,,Chordata
37.5,-34,145.92,304.8,,,,,Chordata
38.3,-17.27,145.48,731.5,,,,,Chordata
33.1,-38,148.2,304.8,,,,,Chordata
36.3,-34,151.3,304.5,,,,,Chordata
29.7,-38,148.2,304.8,,,,,Chordata
39.4,-17.93,145.92,304.8,,,,,Chordata
38.7,-18,145.9,304.8,,,,,Chordata
32,-37.48,148.17,304.8,,,,,Chordata
36.5,-31.1,150.93,609.6,,,,,Chordata
28.3,-31.55,147.2,304.8,,,,,Chordata
34.1,-18,145.9,304.8,,,,,Chordata
34.5,-34,151.3,304.8,,,,,Chordata
34.9,-38,142.5,304.8,,,,,Chordata
40,21,145.9,304.8,,,,,Chordata
30.5,-33.43,151.35,304.8,,,,,Chordata
29.3,-31.1,150.93,609.6,,,,,Chordata
28.8,-37.84,146.27,944.9,,,,,Chordata
30.5,-28.28,153.11,762,,,,,Chordata
25.8,-30.5,152.9,1525,,,,,Chordata
36.2,-37,145.9,304.8,,,,,Chordata
35.2,-36.39,148.43,1828.8,,,,,Chordata
34.8,-30.51,151.66,1371.6,,,,,Chordata
37.2,18.4,-65.8,15,7.5,18.4,-65.8,15,Chordata
36.3,18.31,-65.75,500,7.5,18.31,-65.75,500,Chordata
34.3,40.78,-75.28,1100,,,,,Chordata
34,40.23,-76.85,422.2,,,,,Chordata
38,40.1,-74.8,24,,,,,Chordata
35,44.9,-117.22,1140,,,,,Chordata
39,-27.5,153,5,,,,,Chordata
34.9,39.7,-84.7,300,-2.3,39.7,-84.7,300,Chordata
35,39.7,-84.7,300,-2,39.7,-84.7,300,Chordata
38.6,4.38,-74.13,3050,,,,,Chordata
33.9,42.63,-83.22,67,0.1,37.34,-84.18,326,Chordata
38,32.97,-116.74,146,,,,,Chordata
38.1,40.6,-105.83,3040,-3,50.23,-99.83,1681,Chordata
34.8,14.09,121.49,1100,,,,,Chordata
34.1,14.09,121.49,1100,,,,,Chordata
34.3,14.09,121.49,1100,,,,,Chordata
35.9,14.09,121.49,1100,,,,,Chordata
35.3,14.09,121.49,1100,,,,,Chordata
33.6,14.09,121.49,1100,,,,,Chordata
33.8,14.09,121.49,1100,,,,,Chordata
33.7,14.09,121.49,1100,,,,,Chordata
32.9,14.09,121.49,1100,,,,,Chordata
34.7,14.09,121.49,1100,,,,,Chordata
38.5,35.55,-91.62,184,,,,,Chordata
37.6,36.11,-94.33,377,,,,,Chordata
37.2,36.11,-94.33,377,,,,,Chordata
37.5,36.1,-90.36,426.7,,,,,Chordata
41.1,41.78,-70.1,15,,,,,Chordata
28.09,-16.4,145.2,35,,,,,Chordata
32.04,-16.24,144.97,1000,,,,,Chordata
35.93,-15.71,145.27,280,,,,,Chordata
31.73,-16.43,145.2,1235,,,,,Chordata
35.08,-17.7,145.52,1000,,,,,Chordata
32.77,-19.49,146.97,45,,,,,Chordata
30.7,-17.4,145.78,85,,,,,Chordata
42.1,24.48,112.63,20,,,,,Chordata
31.5,37.4,-80.5,1432,,,,,Chordata
31.9,37.4,-80.5,1158,,,,,Chordata
37.3,37.4,-80.5,1158,,,,,Chordata
35.3,37.4,-80.5,1158,,,,,Chordata
,,,,-1,29.95,-90.08,304.8,Chordata
,,,,7.8,14,-86,304.8,Chordata
,,,,2.8,10,-84,1219.2,Chordata
,,,,8,9.15,-79.85,304.8,Chordata
,,,,6,9.15,-79.85,304.8,Chordata
,,,,2.5,31,-112,304.8,Chordata
,,,,2.5,10,-84,1371.6,Chordata
,,,,2.8,29.95,-90.08,609.6,Chordata
,,,,-1,29.95,-90.08,304.8,Chordata
,,,,2.5,31,-112,304.8,Chordata
,,,,6,9.15,-79.85,304.8,Chordata
,,,,7.5,15,-90.6,1219.2,Chordata
,,,,2.1,32.6,-85.3,200,Chordata
,,,,4.7,32.6,-85.3,200,Chordata
,,,,5.1,32.6,-85.3,200,Chordata
37.4,55.4,14.19,3,-6.7,55.4,14.19,3,Arthropoda
41.4,55.4,14.19,3,-10.2,55.4,14.19,3,Arthropoda
42.2,55.4,14.19,3,-16.9,55.4,14.19,3,Arthropoda
42.1,55.4,14.19,3,-7.4,55.4,14.19,3,Arthropoda
41.8,55.4,14.19,3,-8,55.4,14.19,3,Arthropoda
43.2,55.4,14.19,3,-16.4,55.4,14.19,3,Arthropoda
40.8,55.4,14.19,3,-7.5,55.4,14.19,3,Arthropoda
39.7,55.4,14.19,3,-7.2,55.4,14.19,3,Arthropoda
42.1,55.4,14.19,3,-10.8,55.4,14.19,3,Arthropoda
41.4,55.4,14.19,3,-6.9,55.4,14.19,3,Arthropoda
40.5,55.4,14.19,3,-13.3,56.4,14.19,3,Arthropoda
42.8,55.4,14.19,3,-13,55.4,14.19,3,Arthropoda
45.7,55.4,14.19,3,,,,,Arthropoda
45.6,55.4,14.19,3,,,,,Arthropoda
45.7,55.4,14.19,3,,,,,Arthropoda
41.8,55.4,14.19,3,,,,,Arthropoda
40.1,-46.9,37.9,20,-4.7,-46.9,20,35,Arthropoda
39.9,-46.9,37.9,20,-6.9,-46.9,20,35,Arthropoda
37.9,-46.9,37.9,20,-5.9,-46.9,20,35,Arthropoda
37.4,-46.9,37.9,20,-5.4,-46.9,20,35,Arthropoda
39.5,-46.9,37.9,20,-5.1,-46.9,20,35,Arthropoda
35.4,-46.9,37.74,99,-6.4,-46.9,37.74,99,Arthropoda
35.9,-46.9,37.74,88,-8.1,-46.9,37.74,88,Arthropoda
48.2,40.5,-74.5,36.9,2.2,40.5,-74.5,36.9,Arthropoda
45.1,40.5,-74.5,36.9,-1.4,40.5,-74.5,36.9,Arthropoda
50,9.2,-79.8,35,0,9.2,-79.8,35,Arthropoda
42.3,46.72,-94.68,,,,,,Chordata
41.2,37.26,-91.36,,,,,,Chordata
39.5,34.26,-118.78,,,,,,Chordata
29,-45.4,167.1,0,,,,,Chordata
24.3,38.33,-123.06,0,,,,,Chordata
21.9,38.33,-123.06,0,,,,,Chordata
30,-38,148.5,0,,,,,Echinodermata
11,-67.5,-68,0,,,,,Echinodermata
40,-20.79,115.45,,30,-20.79,115.45,,Chordata
37,-34.55,138.36,,22,-34.55,138.36,,Chordata
34,56,10.2,,20,56,10.2,,Chordata
30,-29.50416667,30.00833333,,15,-29.50416667,30.00833333,,Chordata
36,34,-111,,27,34,-111,,Chordata
39,-31.57,115.51,,33,-31.57,115.51,,Chordata
39,-34.12,116.62,,30,-34.12,116.62,,Chordata
35.7,41.5,-113.25,1700,17.1,41.5,-113.25,1700,Chordata
31.5,41.52,-111.3,2215,14.7,41.52,-111.3,2215,Chordata
37,32.5,-115.34,,25,32.5,-115.34,,Chordata
39,-21.4,118,,33,-21.4,118,,Chordata
33,-31.9,115.9,,22.5,-31.9,115.9,,Chordata
36.5,30.38,35.25,,21.5,30.38,35.25,,Chordata
36.5,30.75,34.85,,29.5,30.75,34.85,,Chordata
34.8,-30.35,151.45,1000,31.3,-30.35,151.45,1000,Chordata
35,29.64,-82.19,,27,29.64,-82.19,,Chordata
32.5,28.37,-81.22,,22.5,28.37,-81.22,,Chordata
38,-13.05,-76.43,,33,-13.05,-76.43,,Chordata
38.5,30.86,34.76,476,28,30.86,34.76,476,Chordata
20,79,-11,,4.5,79,-11,,Chordata
32.2,33.27,-112.04,2135,20.3,33.27,-112.04,2135,Chordata
25.2,33.27,-111.05,2220,17,33.27,-111.05,2220,Chordata
30,-10.48,28.39,,24,-10.48,28.39,,Chordata
33.5,42.87,-112.26,,13.5,42.87,-112.26,,Chordata
32.5,42.87,-112.26,,21,42.87,-112.26,,Chordata
42.6,32.13,-110.98,,29,32.13,-110.98,,Chordata
42.8,32.13,-110.98,,30,32.13,-110.98,,Chordata
37.5,34.07,-118.47,,27.5,34.07,-118.47,,Chordata
37.5,34.07,-118.47,,30,34.07,-118.47,,Chordata
35,29.7,-95.4,,20,29.7,-95.4,,Chordata
38,48.41,-113.71,2164,9,48.41,-113.71,2164,Chordata
37,42.78,-97,,25,42.78,-97,,Chordata
39,45.16,-84.4,,30,45.16,-84.4,,Chordata
40,42.5,-82.48,,27.5,42.5,-82.48,,Chordata
38,31.93,-109.38,,33,31.93,-109.38,,Chordata
32,42.28,-83.74,,24,42.28,-83.74,,Chordata
35,31.93,-109.38,,27,31.93,-109.38,,Chordata
34,42.28,-83.74,,19,31.93,-109.38,,Chordata
35,-37.48,145,,26,-37.48,145,,Chordata
32.5,27.29,120.51,,25,27.29,120.51,,Chordata
31.6,25.15,110.19,,24.5,25.15,110.19,,Chordata
29.2,25.15,110.19,,23,25.15,110.19,,Chordata
35,32.13,-110.55,,32,32.13,-110.55,,Chordata
34,33.71,-117.61,,12.4,33.71,-117.61,,Chordata
31.8,34.09,-116.92,,28,34.09,-116.92,,Chordata
35,10.15,-64.28,,25,10.15,-64.28,,Chordata
35,-33.07,22.16,,29,-33.07,22.16,,Chordata
34,-5.13,145.48,,31.5,-5.13,145.48,,Chordata
34,-5.13,145.48,,30,-5.13,145.48,,Chordata
38,27.56,-104.1,,30,27.56,-104.1,,Chordata
38,13.26,144.47,,29,13.26,144.47,,Chordata
31,-40.54,174.53,,9,-40.54,174.53,,Chordata
37,-31.15,146.55,,28,-31.15,146.55,,Chordata
35,-41.21,146.37,,15,-41.21,146.37,,Chordata
37,-40.7,175,,22,-40.55,174.53,,Chordata
37,-40.54,174.53,,22,-40.54,174.53,,Chordata
35,-41.17,174.53,,18,-41.17,174.53,,Chordata
28,-40.7,175,2,,,,,Chordata
34,-6.66,146.99,,22,-6.66,146.99,,Chordata
32,-6.66,146.99,,19,-6.66,146.99,,Chordata
36,-6.66,146.99,,22,-6.66,146.99,,Chordata
30,-40.72,175.6,,20,-40.72,175.6,,Chordata
35,-7.29,110,,30,-7.29,110,,Chordata
32,-5.14,145.48,,24,-5.14,145.48,,Chordata
31,9.34,-66.08,,23,9.34,-66.08,,Chordata
34,-23.96,-57.08,,20,-23.96,-57.08,,Chordata
37,-40.7,175.6,,30,-40.7,175.6,,Chordata
39,-40.7,175.6,,30,-40.7,175.6,,Chordata
33,-40.7,175.6,,,,,,Chordata
32,-6.66,146.99,,20,-6.66,146.99,,Chordata
30,-6.66,146.99,,20,-6.66,146.99,,Chordata
33,-6.66,146.99,,17,-6.66,146.99,,Chordata
30,-6.66,146.99,,17,-6.66,146.99,,Chordata
30,-6.66,146.99,,22,-6.66,146.99,,Chordata
34,-5.22,145.79,,19,-5.22,145.79,,Chordata
28,-5.31,143.52,2860,11,-5.31,143.52,2860,Chordata
30,-5.31,143.52,2860,10,-5.31,143.52,2860,Chordata
30,-5.96,143.07,2100,13,-5.96,143.07,2100,Chordata
31,-5.31,143.52,2860,23,-5.31,143.52,2860,Chordata
29,-5.31,143.52,2860,13,-5.31,143.52,2860,Chordata
30,-5.96,143.07,2100,19,-5.96,143.07,2100,Chordata
30,-5.96,143.07,2100,,,,,Chordata
32,18.19,-65.45,,29,18.19,-65.45,,Chordata
35,18.19,-65.45,,25,18.19,-65.45,,Chordata
37,43.5,-121.08,,28,43.5,-121.08,,Chordata
38,46.51,-114,,28,46.51,-114,,Chordata
34,46.88,-114.21,,11.5,46.88,-114.21,,Chordata
25,-35.58,137.1,,16,-35.58,137.1,,Chordata
31.5,42.44,-76.5,,25.5,42.44,-76.5,,Chordata
35,-35.17,139.02,,30,-35.17,139.02,,Chordata
29,18.23,-77.62,,20,18.23,-77.62,,Chordata
29,18.23,-77.62,,20,18.23,-77.62,,Chordata
33,-11.4,-45.48,,27,-11.4,-45.48,,Chordata
32,-29.6,30.22,,20,-29.6,30.22,,Chordata
35,-29.53,30.59,,25,-29.53,30.59,,Chordata
34,9,-79,,30,9,-79,,Chordata
37.5,22.15,41.5,,32.7,22.15,41.5,,Chordata
35.1,52.52,6.2,,22.2,52.52,6.2,,Chordata
43.6,22.15,41.5,,31.5,22.15,41.5,,Chordata
37.5,52.52,6.2,,27.6,52.52,6.2,,Chordata
35,29.68,-82.43,,19.5,29.68,-82.43,,Chordata
39,4.53,114.56,,30,4.53,114.56,,Chordata
37,38.33,-119.64,,25,33.58,-117.21,300,Chordata
40.5,42.07,-104.03,,27,33.37,-112.58,,Chordata
36,38.33,-119.64,,,,,,Chordata
39.2,9.07,-79.42,,28.9,9.07,-79.42,,Chordata
37.5,38.33,-119.64,,22,38.33,-119.64,,Chordata
35.1,-23.33,15.05,,27.9,-23.33,15.05,,Chordata
35,-32.02,27.4,,23.7,-32.02,27.4,,Chordata
33,27.88,120.36,,25,27.88,120.36,,Chordata
30,-37.88,-67.19,,15,-37.88,-67.19,,Chordata
,,,,35,33.76,-116.35,,Chordata
,,,,25,9.15,-79.85,,Chordata
,,,,27,9.15,-79.85,,Chordata
,,,,16,63,10,,Chordata
,,,,20,-42.54,147.19,,Chordata
,,,,15,-29.44,30.48,,Chordata
,,,,15,57.2,-170.15,,Chordata
,,,,30,30.86,34.76,476,Chordata
,,,,7,79,-11,,Chordata
,,,,9,79,-11,,Chordata
,,,,4.5,79,-11,,Chordata
,,,,2,79,-11,,Chordata
,,,,10,64.48,24.38,,Chordata
,,,,6,61.52,-166.1,,Chordata
,,,,-7,60.1,-149.44,,Chordata
,,,,28,31.93,-109.38,,Chordata
,,,,33.5,-29.45,31.03,,Chordata
,,,,29,-30.35,151.44,,Chordata
,,,,29,-29.6,30.37,,Chordata
,,,,26,-5.13,145.48,,Chordata
,,,,30,-5.13,145.48,,Chordata
,,,,30,-5,145.1,,Chordata
,,,,17,-40.54,174.53,,Chordata
,,,,20,-37.18,146.13,,Chordata
,,,,30,-35.52,175.3,,Chordata
,,,,18,-40.7,175.6,,Chordata
,,,,18,-6.7,147,,Chordata
,,,,14,-40.54,174.53,,Chordata
,,,,15,-40.7,175,,Chordata
,,,,22,-9.15,145.48,,Chordata
,,,,26,-9.17,145.48,,Chordata
,,,,19,-5.14,145.48,,Chordata
,,,,24,-41.18,151.12,,Chordata
,,,,16,-5,144.28,,Chordata
,,,,23,23.38,-101.37,,Chordata
,,,,29,-8.59,-67.27,,Chordata
,,,,19,-20.98,-45.2,,Chordata
,,,,17,-40.06,-68.56,,Chordata
,,,,25,-7.14,-52.48,,Chordata
,,,,35,-0.13,35.16,,Chordata
,,,,24,-40.7,175.6,,Chordata
,,,,22,-40.7,175.6,,Chordata
,,,,16,-40.7,175.6,,Chordata
,,,,12,-40.7,175.6,,Chordata
,,,,23,-6.66,146.99,,Chordata
,,,,20,-6.66,146.99,,Chordata
,,,,20,-6.66,146.99,,Chordata
,,,,18,-6.66,146.99,,Chordata
,,,,19,-6.66,146.99,,Chordata
,,,,25,-6.66,146.99,,Chordata
,,,,16,-6.66,146.99,,Chordata
,,,,22,-6.66,146.99,,Chordata
,,,,15,-5.96,143.07,2100,Chordata
,,,,25,-5.22,145.79,,Chordata
,,,,24,-5.96,143.07,2100,Chordata
,,,,19,-5.31,143.52,2860,Chordata
,,,,20,-5.96,143.07,2100,Chordata
,,,,14,-5.31,143.52,2860,Chordata
,,,,20,-5.22,145.79,,Chordata
,,,,15,-5.96,143.07,2100,Chordata
,,,,19,-5.31,143.52,2860,Chordata
,,,,15,-5.31,143.52,2860,Chordata
,,,,15,-5.22,145.79,,Chordata
,,,,25,-5.22,145.79,,Chordata
,,,,15,-5.31,143.52,2860,Chordata
,,,,0.6,78.15,16.26,,Chordata
,,,,-4.5,78.15,16.26,,Chordata
,,,,29,-1.17,36.49,,Chordata
,,,,24,-22.22,-57.08,,Chordata
,,,,34,-22.3,117.9,,Chordata
,,,,27,-21.28,165.3,,Chordata
,,,,23.5,9.1,-79.8,,Chordata
,,,,9,61.18,-149.79,,Chordata
,,,,31.4,0.27,30.26,1255,Chordata
,,,,25.5,0.27,30.26,1255,Chordata
,,,,25,0.27,30.26,1255,Chordata
,,,,33,0.27,30.26,1255,Chordata
,,,,31.5,0.27,30.26,1255,Chordata
,,,,30,0.27,30.26,1255,Chordata
,,,,31.6,0.27,30.26,1255,Chordata
,,,,29,30.37,69.34,,Chordata
,,,,9.8,-38.53,-73.02,,Chordata
23,69.241375,-53.55309,0,,,,,Rhodophyta
25,54.19261,7.86732,0,,,,,Rhodophyta
23,54.19261,7.86732,0,,,,,Rhodophyta
24.3,54.19261,7.86732,0,,,,,Rhodophyta
33,-33.9,25.6,0,,,,,Mollusca
35,-33.9,25.6,0,,,,,Mollusca
33.44,53,5,0,-1.68,53,5,0,Mollusca
36.31,-17,122,0,7.17,-17,122,0,Mollusca
37.75,-17,122,0,3.05,-17,122,0,Mollusca
36.87,-17,122,0,6.01,-17,122,0,Mollusca
33.98,53,5,0,-6.18,53,5,0,Mollusca
37.72,-17,122,0,5.46,-17,122,0,Mollusca
36.94,-17,122,0,5.51,-17,122,0,Mollusca
41.76,-17,122,0,7.32,-17,122,0,Mollusca
30.97,53,5,0,-7.01,53,5,0,Mollusca
33.45,53,5,0,6.14,-17,122,0,Mollusca
41.45,-17,122,0,4.82,-17,122,0,Mollusca
38.25,-17,122,0,3.35,-17,122,0,Mollusca
37.58,-17,122,0,3.63,-17,122,0,Mollusca
36.31,-17,122,0,3.52,-17,122,0,Mollusca
27.57,-17,122,0,,,,,Mollusca
26.97,-17,122,0,,,,,Mollusca
30.5,55.75,-4.9,2.9,-8.2,53,-4.9,2.9,Mollusca
35,37.11,-76.13,0,,,,,Mollusca
32,37.11,-76.13,0,,,,,Mollusca
32,37.11,-76.13,0,,,,,Mollusca
39,-7.89,-14.38,0,,,,,Mollusca
12.7,-77.85,166.67,0,,,,,Mollusca
5,-67.5,-68,0,,,,,Mollusca
2,-67.5,-68,0,,,,,Mollusca
4,-75,-51,0,-1.5,-75,-51,0,Mollusca
32.8,-38.1,176.21,,,,,,Mollusca
29,-14.25,-76.2,0,,,,,Mollusca
25.6,-36.5,-73.9,0,,,,,Mollusca
26.3,-36.5,-73.9,0,,,,,Mollusca
25,-36.5,-73.9,0,,,,,Mollusca
26.9,-14.25,-76.2,0,,,,,Mollusca
28.1,-36.5,-73.9,0,,,,,Mollusca
30.6,-14.25,-76.2,0,,,,,Mollusca
28.5,-14.25,-76.2,0,,,,,Mollusca
25.1,-36.5,-73.9,0,,,,,Mollusca
25.6,-36.5,-73.9,0,,,,,Mollusca
30,56,-159,0,,,,,Arthropoda
45.3,28.25,109.67,325,,,,,Streptophyta
44.1,28.25,109.67,325,,,,,Streptophyta
,,,,-37.5,51,6.8,50,Streptophyta
,,,,-30.5,51,6.8,50,Streptophyta
,,,,-40,51,6.8,50,Streptophyta
,,,,-37.5,51,6.8,50,Streptophyta
,,,,-36.5,51,6.8,50,Streptophyta
43.2,29.7,-85.3,0,0.8,29.7,-85.3,0,Chordata
31.8,-72,170,0,-7.4,-72,170,0,Arthropoda
34.7,-72,170,0,-7.7,-72,170,0,Arthropoda
34.5,-72,170,0,-11.9,-72,170,0,Arthropoda
,,,,-13.3,-46.9,37.8,25,Arthropoda
,,,,-9.4,-46.9,37.8,25,Arthropoda
,,,,-4.9,47,10.5,2700,Arthropoda
,,,,-7.7,47,10.5,2700,Arthropoda
20,48.536683,-123.015409,0,,,,,Rhodophyta
37.1,-7.89,-14.38,0,,,,,Echinodermata
36,-7.89,-14.38,0,,,,,Echinodermata
26.8,-45.4,167.1,0,,,,,Echinodermata
19.3,-77.85,166.67,0,,,,,Echinodermata
,,,,-10.8,51.7,10.6,,Ascomycota
30,48.7262,-3.985322,0,3,48.7262,-3.985322,0,Rhodophyta
27,48.7262,-3.985322,0,3,48.7262,-3.985322,0,Rhodophyta
27,48.7262,-3.985322,0,3,48.7262,-3.985322,0,Rhodophyta
24,48.7262,-3.985322,0,3,48.7262,-3.985322,0,Rhodophyta
30,48.7262,-3.985322,0,-2,48.7262,-3.985322,0,Rhodophyta
27,48.7262,-3.985322,0,7,48.7262,-3.985322,0,Rhodophyta
27,48.7262,-3.985322,0,-2,48.7262,-3.985322,0,Rhodophyta
27,48.7262,-3.985322,0,-2,48.7262,-3.985322,0,Rhodophyta
30,48.7262,-3.985322,0,-2,48.7262,-3.985322,0,Rhodophyta
24,48.7262,-3.985322,0,3,48.7262,-3.985322,0,Rhodophyta
27,48.7262,-3.985322,0,-2,48.7262,-3.985322,0,Rhodophyta
27,48.7262,-3.985322,0,-2,48.7262,-3.985322,0,Rhodophyta
27,48.7262,-3.985322,0,-2,48.7262,-3.985322,0,Rhodophyta
27,48.7262,-3.985322,0,-2,48.7262,-3.985322,0,Rhodophyta
27,48.7262,-3.985322,0,-2,48.7262,-3.985322,0,Rhodophyta
27,48.7262,-3.985322,0,3,48.7262,-3.985322,0,Rhodophyta
27,48.7262,-3.985322,0,-2,48.7262,-3.985322,0,Rhodophyta
27,48.7262,-3.985322,0,3,48.7262,-3.985322,0,Rhodophyta
27,48.7262,-3.985322,0,7,48.7262,-3.985322,0,Rhodophyta
30,48.7262,-3.985322,0,-2,48.7262,-3.985322,0,Rhodophyta
27,48.7262,-3.985322,0,7,48.7262,-3.985322,0,Rhodophyta
30,48.7262,-3.985322,0,3,48.7262,-3.985322,0,Rhodophyta
30,48.7262,-3.985322,0,,,,,Rhodophyta
35,17.953043,-67.154763,0,14,17.953043,-67.154763,0,Rhodophyta
35,17.953043,-67.154763,0,14,17.953043,-67.154763,0,Rhodophyta
40,17.953043,-67.154763,0,-2,17.953043,-67.154763,0,Rhodophyta
40,17.953043,-67.154763,0,-2,17.953043,-67.154763,0,Rhodophyta
40,17.953043,-67.154763,0,1,17.953043,-67.154763,0,Rhodophyta
35,17.953043,-67.154763,0,8,17.953043,-67.154763,0,Rhodophyta
35,17.953043,-67.154763,0,14,17.953043,-67.154763,0,Rhodophyta
32,17.953043,-67.154763,0,8,17.953043,-67.154763,0,Rhodophyta
35,17.953043,-67.154763,0,11,17.953043,-67.154763,0,Rhodophyta
32,17.953043,-67.154763,0,16,17.953043,-67.154763,0,Rhodophyta
32,17.953043,-67.154763,0,11,17.953043,-67.154763,0,Rhodophyta
35,17.953043,-67.154763,0,8,17.953043,-67.154763,0,Rhodophyta
35,17.953043,-67.154763,0,14,17.953043,-67.154763,0,Rhodophyta
35,17.953043,-67.154763,0,5,17.953043,-67.154763,0,Rhodophyta
35,17.953043,-67.154763,0,14,17.953043,-67.154763,0,Rhodophyta
32,17.953043,-67.154763,0,14,17.953043,-67.154763,0,Rhodophyta
35,17.953043,-67.154763,0,3,17.953043,-67.154763,0,Rhodophyta
35,17.953043,-67.154763,0,3,17.953043,-67.154763,0,Rhodophyta
35,17.953043,-67.154763,0,-2,17.953043,-67.154763,0,Rhodophyta
32,17.953043,-67.154763,0,8,17.953043,-67.154763,0,Rhodophyta
35,17.953043,-67.154763,0,8,17.953043,-67.154763,0,Rhodophyta
35,17.953043,-67.154763,0,11,17.953043,-67.154763,0,Rhodophyta
35,17.953043,-67.154763,0,14,17.953043,-67.154763,0,Rhodophyta
35,17.953043,-67.154763,0,,,,,Rhodophyta
17,69.241375,-53.55309,0,,,,,Rhodophyta
19,69.241375,-53.55309,0,,,,,Rhodophyta
25.7,69.241375,-53.55309,0,,,,,Rhodophyta
31.3,36.204824,138.252925,0,,,,,Rhodophyta
33,26.731294,-110.712247,0,,,,,Rhodophyta
31,48.333889,-4.479722,0,,,,,Rhodophyta
20,48.536683,-123.015409,0,1.5,48.536683,-123.015409,0,Rhodophyta
23,48.536683,-123.015409,0,1.5,48.536683,-123.015409,0,Rhodophyta
23,48.536683,-123.015409,0,1.5,48.536683,-123.015409,0,Rhodophyta
23,48.536683,-123.015409,0,1.5,48.536683,-123.015409,0,Rhodophyta
25,48.536683,-123.015409,0,1.5,48.536683,-123.015409,0,Rhodophyta
20,48.536683,-123.015409,0,1.5,48.536683,-123.015409,0,Rhodophyta
25,48.536683,-123.015409,0,,,,,Rhodophyta
25,48.536683,-123.015409,0,,,,,Rhodophyta
23,48.536683,-123.015409,0,,,,,Rhodophyta
20,48.536683,-123.015409,0,,,,,Rhodophyta
28,48.536683,-123.015409,0,,,,,Rhodophyta
18,48.536683,-123.015409,0,,,,,Rhodophyta
20,48.536683,-123.015409,0,,,,,Rhodophyta
25,48.536683,-123.015409,0,,,,,Rhodophyta
25,48.536683,-123.015409,0,,,,,Rhodophyta
25,48.536683,-123.015409,0,,,,,Rhodophyta
25,48.536683,-123.015409,0,,,,,Rhodophyta
20,48.536683,-123.015409,0,,,,,Rhodophyta
18,48.536683,-123.015409,0,,,,,Rhodophyta
23,54.19261,7.86732,0,-2,48.7262,-3.985322,0,Rhodophyta
18,54.19261,7.86732,0,-2,48.7262,-3.985322,0,Rhodophyta
24.5,54.19261,7.86732,0,0,54.180327,7.888944,0,Rhodophyta
27.4,54.19261,7.86732,0,-9.5,-45.95,170.333333,0,Rhodophyta
28,54.19261,7.86732,0,,,,,Rhodophyta
25,54.19261,7.86732,0,,,,,Rhodophyta
23,54.19261,7.86732,0,,,,,Rhodophyta
30,54.19261,7.86732,0,,,,,Rhodophyta
28,54.19261,7.86732,0,,,,,Rhodophyta
23,54.19261,7.86732,0,,,,,Rhodophyta
29.5,54.19261,7.86732,0,,,,,Rhodophyta
23,54.19261,7.86732,0,,,,,Rhodophyta
25,54.19261,7.86732,0,,,,,Rhodophyta
23,54.19261,7.86732,0,-2,48.7262,-3.985322,0,Rhodophyta
30,50.732554,-1.402288,0,4,50.732554,-1.402288,0,Rhodophyta
28,19.896767,-155.582782,0,14,19.896767,-155.582782,0,Rhodophyta
31,13.909444,-60.978893,0,14,13.909444,-60.978893,0,Rhodophyta
28,50.575607,-3.445184,0,4,50.575607,-3.445184,0,Rhodophyta
28,-23.097467,-70.44581,0,5,-23.097467,-70.44581,0,Rhodophyta
31,27.763383,-82.543672,0,14,27.763383,-82.543672,0,Rhodophyta
34,44.906696,-61.832469,0,,,,,Rhodophyta
28,45.733,-63.26,0,,,,,Rhodophyta
31,40.631983,22.932378,0,0,40.631983,22.932378,0,Rhodophyta
32,40.631983,22.932378,0,1,40.631983,22.932378,0,Rhodophyta
31,41.940068,9.171427,0,3,41.940068,9.171427,0,Rhodophyta
31,41.940068,9.171427,0,5,41.940068,9.171427,0,Rhodophyta
24,48.726199,-3.985325,0,,,,,Rhodophyta
22,60.568093,4.95596,0,8.5,60.568093,4.95596,0,Rhodophyta
16.5,-61.934135,-57.901964,0,,,,,Rhodophyta
15,-62.210794,-58.956171,0,,,,,Rhodophyta
17,-56.483333,-68.733333,0,,,,,Rhodophyta
22,-56.483333,-68.733333,0,,,,,Rhodophyta
27,48.730579,-3.979547,0,7,48.7262,-3.985322,0,Rhodophyta
33,41.307318,-72.085274,0,14,17.953043,-67.154763,0,Rhodophyta
24,48.730579,-3.979547,0,5,48.730579,-3.979547,0,Rhodophyta
26,48.730579,-3.979547,0,10,48.730579,-3.979547,0,Rhodophyta
25,48.730579,-3.979547,0,5,48.730579,-3.979547,0,Rhodophyta
27,48.730579,-3.979547,0,5,48.730579,-3.979547,0,Rhodophyta
27,53.153818,-9.26678,0,5,53.153818,-9.26678,0,Rhodophyta
24,48.730579,-3.979547,0,5,48.730579,-3.979547,0,Rhodophyta
25,48.730579,-3.979547,0,,,,,Rhodophyta
31,41.293361,-72.086435,0,,,,,Rhodophyta
27,48.730579,-3.979547,0,,,,,Rhodophyta
33,41.305459,-72.077593,0,,,,,Rhodophyta
33,26.066249,-97.158602,0,,,,,Rhodophyta
,,,,11,10.448419,-64.197836,0,Rhodophyta
,,,,7,10.448419,-64.197836,0,Rhodophyta
,,,,-21.9,-45.95,170.333333,0,Rhodophyta
,,,,-20.2,-45.95,170.333333,0,Rhodophyta
,,,,-9.1,-45.95,170.333333,0,Rhodophyta
,,,,-13.9,-45.95,170.333333,0,Rhodophyta
,,,,-3.7,-45.95,170.333333,0,Rhodophyta
,,,,-2.4,-45.95,170.333333,0,Rhodophyta
,,,,10,45.733,-63.26,0,Rhodophyta
34.7,-33.9,25.6,0,,,,,Mollusca
19,-77.8,166.67,0,,,,,Mollusca
14,-77.8,166.67,0,,,,,Mollusca
37.5,-38,148.5,0,,,,,Mollusca
27,55.75,-4.9,2.567,-1.1,55.75,-4.9,2.567,Mollusca
29.9,55.75,-4.9,3.063,-13.3,55.75,-4.9,3.063,Mollusca
35.3,55.75,-4.9,3.073,-13,55.75,-4.9,3.073,Mollusca
29.6,55.75,-4.9,3.077,-13,55.75,-4.9,3.077,Mollusca
35,55.75,-4.9,3.407,-16.4,55.75,-4.9,3.407,Mollusca
28.2,55.75,-4.9,2.59,-6.4,55.75,-5,2.59,Mollusca
25.5,55.75,-4.9,0.803,-7.4,55.75,-4.9,0.803,Mollusca
31.8,-54.18,-37,0,-17.8,-54.18,-37,0,Mollusca
32.7,-45.8,170.6,0,,,,,Mollusca
14.5,-77.85,166.67,0,,,,,Mollusca
5,-67.5,-68,0,-12.9,-54.18,-37,0,Mollusca
32.4,-38.1,175.49,,,,,,Mollusca
40,68,-152,0,,,,,Mollusca
40,68,-152,0,,,,,Mollusca
24.5,38.33,-123.06,0,,,,,Bryozoa
35.5,-17,146,130,,,,,Arthropoda
35.8,32,-99,400,,,,,Arthropoda
32,43,-77.6,200,,,,,Arthropoda
34.7,43,-77.6,200,,,,,Arthropoda
34.4,43,-77.6,200,,,,,Arthropoda
36.7,-17,146,130,,,,,Arthropoda
46.4,36,-6.3,135,-8.5,36,-6.3,135,Arthropoda
44.8,38,-2.56,1224,-9,38,-2.56,1224,Arthropoda
44.5,37.5,-1.9,533,-6.8,37.5,-1.9,533,Arthropoda
43.1,40.5,8.5,260,-8,40.5,8.5,260,Arthropoda
46,41.3,2.09,50,,,,,Arthropoda
48,41.3,2.09,50,,,,,Arthropoda
48,41.3,2.09,50,,,,,Arthropoda
46,41.3,2.09,50,,,,,Arthropoda
50,41.3,2.09,50,,,,,Arthropoda
44,41.3,2.09,50,,,,,Arthropoda
44,41.3,2.09,50,,,,,Arthropoda
40,41.3,2.09,50,,,,,Arthropoda
48,41.3,2.09,50,,,,,Arthropoda
42,41.3,2.09,50,,,,,Arthropoda
40,41.3,2.09,50,,,,,Arthropoda
56.7,-23.7,133.88,608,13.8,-23.7,133.88,608,Arthropoda
40,36.04,-79.07,180,,,,,Arthropoda
43.75,4.05,114.81,0,,,,,Arthropoda
40,35.78,-78.8,146,,,,,Arthropoda
45.25,4.05,114.81,0,,,,,Arthropoda
40.7,35.76,-78.68,146,,,,,Arthropoda
41.8,36.04,-79.07,180,,,,,Arthropoda
41.75,35.77,-78.68,146,,,,,Arthropoda
40.36,36.04,-79.07,180,,,,,Arthropoda
42,39.18,-76.67,150,,,,,Arthropoda
42.8,36.04,-79.07,180,,,,,Arthropoda
40.5,35.78,-78.8,146,,,,,Arthropoda
44,36.04,-79.07,180,,,,,Arthropoda
42.75,38.57,-106.59,2895,,,,,Arthropoda
40,42.51,-72.21,232,,,,,Arthropoda
40,42.51,-72.21,232,,,,,Arthropoda
46.25,4.05,114.81,0,,,,,Arthropoda
45.5,4.05,114.81,0,,,,,Arthropoda
45,4.05,114.81,0,,,,,Arthropoda
44.25,4.05,114.81,0,,,,,Arthropoda
43.25,4.05,114.81,0,,,,,Arthropoda
47.75,4.05,114.81,0,,,,,Arthropoda
43.25,36.04,-79.07,180,,,,,Arthropoda
40.75,4.05,114.81,0,,,,,Arthropoda
47.75,4.05,114.81,0,,,,,Arthropoda
46.75,4.05,114.81,0,,,,,Arthropoda
45.63,4.05,114.81,0,,,,,Arthropoda
44.5,4.05,114.81,0,,,,,Arthropoda
48.5,35.77,-78.68,146,,,,,Arthropoda
40,42.51,-72.21,232,,,,,Arthropoda
40,38.57,-106.59,2895,,,,,Arthropoda
40.93,38.57,-106.59,2895,,,,,Arthropoda
43.75,35.77,-78.68,146,,,,,Arthropoda
40,42.51,-72.21,232,,,,,Arthropoda
41.63,38.57,-106.59,2895,,,,,Arthropoda
41,38.57,-106.59,2895,,,,,Arthropoda
41.42,38.57,-106.59,2895,,,,,Arthropoda
46,36.04,-79.07,180,,,,,Arthropoda
45.75,4.05,114.81,0,,,,,Arthropoda
43.75,4.05,114.81,0,,,,,Arthropoda
39.63,35.76,-78.68,146,,,,,Arthropoda
38,42.51,-72.21,232,,,,,Arthropoda
39.75,38.57,-106.59,2895,,,,,Arthropoda
36,42.51,-72.21,232,,,,,Arthropoda
40,36.04,-79.07,180,,,,,Arthropoda
41.5,4.05,114.81,0,,,,,Arthropoda
47.5,4.05,114.81,0,,,,,Arthropoda
46.5,35.77,-78.68,146,,,,,Arthropoda
47.25,4.05,114.81,0,,,,,Arthropoda
38.8,35.78,-78.8,146,,,,,Arthropoda
38,42.51,-72.21,232,,,,,Arthropoda
46,4.05,114.81,0,,,,,Arthropoda
39.85,29.64,-81.64,6,,,,,Arthropoda
39,35.72,-78.69,142,,,,,Arthropoda
37.23,36.04,-79.07,180,,,,,Arthropoda
42,4.05,114.81,0,,,,,Arthropoda
39.4,26.76,128.22,3,,,,,Arthropoda
39.4,26.76,128.22,3,,,,,Arthropoda
40.25,35.77,-78.68,146,,,,,Arthropoda
44.38,4.05,114.81,0,,,,,Arthropoda
46.5,29.64,-81.64,6,,,,,Arthropoda
45,4.05,114.81,0,,,,,Arthropoda
44,4.05,114.81,0,,,,,Arthropoda
43,4.05,114.81,0,,,,,Arthropoda
37.04,35.77,-78.68,146,,,,,Arthropoda
39.6,36.04,-79.07,180,,,,,Arthropoda
41.73,26.76,128.22,3,,,,,Arthropoda
40,35.78,-78.8,146,,,,,Arthropoda
44,42.51,-72.21,232,,,,,Arthropoda
39.5,35.47,-78.91,45,,,,,Arthropoda
43.25,35.77,-78.68,146,,,,,Arthropoda
41.25,35.77,-78.68,146,,,,,Arthropoda
40,36.04,-79.07,180,,,,,Arthropoda
39.9,42.51,-72.21,232,,,,,Arthropoda
45.75,4.05,114.81,0,,,,,Arthropoda
44.3,26.76,128.22,3,,,,,Arthropoda
44.25,4.05,114.81,0,,,,,Arthropoda
43.4,35.76,-78.68,146,,,,,Arthropoda
43,42.51,-72.21,232,,,,,Arthropoda
46.75,35.47,-78.91,45,,,,,Arthropoda
44.2,35.76,-78.68,146,,,,,Arthropoda
42.3,26.76,128.22,3,,,,,Arthropoda
40,42.51,-72.21,232,,,,,Arthropoda
44.7,4.05,114.81,0,,,,,Arthropoda
44.25,4.05,114.81,0,,,,,Arthropoda
41.2,35.78,-78.8,146,,,,,Arthropoda
50.4,37.2,-3.6,900,,,,,Arthropoda
51.1,37.2,-3.6,2400,,,,,Arthropoda
55.1,34.6,8.3,21,,,,,Arthropoda
53.6,34.6,8.3,21,,,,,Arthropoda
46.8,47.3,8.7,464,,,,,Arthropoda
45.6,39.39,-85.48,200,8.2,39.39,-85.48,200,Arthropoda
44.3,32.61,-85.48,216,1.6,32.61,-85.48,216,Arthropoda
37.7,-33.92,18.87,136,-0.1,-33.92,18.87,136,Arthropoda
47.4,36.68,-108.31,1191,11.6,36.68,-108.31,1191,Arthropoda
44.2,36.68,-108.31,1191,-0.4,36.68,-108.31,1191,Arthropoda
47.7,36.68,-108.31,1191,11.2,36.68,-108.31,1191,Arthropoda
46.1,36.68,-108.31,1191,12,36.68,-108.31,1191,Arthropoda
34.4,35.5,139.7,2,-2.1,35.5,139.7,2,Arthropoda
33.9,43.1,141.4,10,-3.3,43.1,141.4,10,Arthropoda
32.5,43.1,141.4,10,-2.7,43.1,141.4,10,Arthropoda
33.5,24.3,123.8,28,7.1,24.3,123.8,28,Arthropoda
32.9,35.5,139.7,2,-2.7,35.5,139.7,2,Arthropoda
33.2,24.3,123.8,28,6.8,24.3,123.8,28,Arthropoda
33.6,43.1,141.4,10,-3.7,43.1,141.4,10,Arthropoda
32.6,43.1,141.4,10,-4.5,43.1,141.4,10,Arthropoda
33.4,35.5,139.7,2,-0.2,35.5,139.7,2,Arthropoda
33.6,24.3,123.8,28,3.6,24.3,123.8,28,Arthropoda
33.5,24.3,123.8,28,1.7,24.3,123.8,28,Arthropoda
35.4,43.1,141.4,10,-5.5,43.1,141.4,10,Arthropoda
31,43.1,141.4,10,0.7,43.1,141.4,10,Arthropoda
32.5,24.3,123.8,28,1.7,24.3,123.8,28,Arthropoda
31.1,35.5,139.7,2,0.5,35.5,139.7,2,Arthropoda
34.3,43.1,141.4,10,-4.5,43.1,141.4,10,Arthropoda
31.9,43.1,141.4,10,-4.5,43.1,141.4,10,Arthropoda
33.9,24.3,123.8,28,6.8,24.3,123.8,28,Arthropoda
32.1,24.3,123.8,28,2.5,24.3,123.8,28,Arthropoda
32.9,35.5,139.7,2,0.6,35.5,139.7,2,Arthropoda
31.4,35.5,139.7,2,1.7,35.5,139.7,2,Arthropoda
32.7,35.5,139.7,2,-1.2,35.5,139.7,2,Arthropoda
32.5,24.3,123.8,28,4.5,24.3,123.8,28,Arthropoda
32.3,43.1,141.4,10,-3.5,43.1,141.4,10,Arthropoda
32.3,43.1,141.4,10,-3.5,43.1,141.4,10,Arthropoda
35.5,24.3,123.8,28,4.2,24.3,123.8,28,Arthropoda
34.5,24.3,123.8,28,-2.4,24.3,123.8,28,Arthropoda
34.2,24.3,123.8,28,8.3,24.3,123.8,28,Arthropoda
33.9,43.1,141.4,10,-6.3,43.1,141.4,10,Arthropoda
30.2,-46.9,37.8,800,-2.7,-46.9,37.8,800,Arthropoda
34.4,-53,73.5,5,-7.6,-53,73.5,5,Arthropoda
37.5,-46.8,37.7,200,-6.4,-46.8,37.7,200,Arthropoda
36.8,-53,73.5,200,-5.3,-53,73.5,200,Arthropoda
38.7,-46.8,37.7,5,-5.8,-46.8,37.7,5,Arthropoda
36.6,-46.8,37.7,5,-3.7,-46.8,37.7,5,Arthropoda
38.7,-53,73.5,5,-8.2,-53,73.5,5,Arthropoda
38,-46.8,37.7,5,-4.3,-46.8,37.7,5,Arthropoda
36.5,-46.8,37.7,5,-4.7,-46.8,37.7,5,Arthropoda
33.9,-53,73.5,5,-5.6,-53,73.5,5,Arthropoda
39.2,-46.8,37.7,5,-1.8,-46.8,37.7,5,Arthropoda
49.5,-32.92,18.23,0,,,,,Arthropoda
51.78,36.17,-115.14,620,,,,,Arthropoda
51.59,36.17,-115.14,620,,,,,Arthropoda
47.5,-23.08,15.37,10,8.6,-23.08,15.37,10,Arthropoda
49,-23.08,15.37,10,13.3,-23.08,15.37,10,Arthropoda
49,-23.08,15.37,10,10.9,-23.08,15.37,10,Arthropoda
46.7,-23.08,15.37,10,9.1,-23.08,15.37,10,Arthropoda
51.4,-23.08,15.37,10,12.1,-23.08,15.37,10,Arthropoda
42.9,-23.08,15.37,10,8.5,-23.08,15.37,10,Arthropoda
46.9,-23.08,15.37,10,11.4,-23.08,15.37,10,Arthropoda
47.9,-23.08,15.37,10,11.6,-23.08,15.37,10,Arthropoda
53.8,-23.08,15.37,10,,,,,Arthropoda
53.3,-23.08,15.37,10,,,,,Arthropoda
45.6,29.6,-82.3,55,,,,,Arthropoda
41.1,9.16,-79.83,0,,,,,Arthropoda
46.5,29.6,-82.3,55,,,,,Arthropoda
45.6,9.16,-79.83,0,,,,,Arthropoda
46.8,9.16,-79.83,0,,,,,Arthropoda
46,29.6,-82.3,55,,,,,Arthropoda
44.8,29.6,-82.3,55,,,,,Arthropoda
47,9.16,-79.83,0,,,,,Arthropoda
45.4,9.16,-79.83,0,,,,,Arthropoda
44.7,9.16,-79.83,0,,,,,Arthropoda
44.3,9.16,-79.83,0,,,,,Arthropoda
45.5,29.6,-82.3,55,,,,,Arthropoda
48.5,9.16,-79.83,0,,,,,Arthropoda
46.8,29.6,-82.3,55,,,,,Arthropoda
47.6,9.16,-79.83,0,,,,,Arthropoda
46.3,9.16,-79.83,0,,,,,Arthropoda
51.3,9.6,-82.7,37,,,,,Arthropoda
47.27,-28,25.5,1500,7.13,-28,25.5,1500,Arthropoda
37.2,37.18,-118.28,3200,,,,,Arthropoda
30,36.5,138.5,1600,-3,36.5,138.5,1600,Arthropoda
31.5,43,141.3,30,1,43,141.3,30,Arthropoda
33,26.5,129.3,50,5.5,26.5,129.3,50,Arthropoda
49,-24,14.6,,9,-24,14.6,,Arthropoda
47.4,-24,14.6,,9.4,-24,14.6,,Arthropoda
48.9,-24,14.6,,10.5,-24,14.6,,Arthropoda
50.5,-24,14.6,,10.5,-24,14.6,,Arthropoda
50.4,-24,14.6,,12.3,-24,14.6,,Arthropoda
50.8,-24,14.6,,13.7,-24,14.6,,Arthropoda
40,68.1,-151.7,730,,,,,Arthropoda
30,71,-156.5,8,,,,,Arthropoda
50,9.2,-79.8,35,,,,,Arthropoda
50,9.2,-79.8,35,,,,,Arthropoda
45.2,35.65,-106.77,1500,5.2,35.65,-106.77,1500,Arthropoda
36.7,35.65,-106.77,1000,9.7,35.65,-106.77,1000,Arthropoda
29.5,-46.9,37.8,25,-7.7,-46.9,37.8,25,Arthropoda
32.2,-46.9,37.8,25,1.9,-46.9,37.8,25,Arthropoda
41.8,-33.36,18.5,350,-0.3,-33.36,18.5,350,Arthropoda
44.3,-13,31.5,600,13,-4.18,39.46,388,Arthropoda
46.5,-24,15.94,10,,,,,Arthropoda
54.1,-24,15.94,10,,,,,Arthropoda
45.2,31.91,-109.14,1450,,,,,Arthropoda
,,,,-21.65,35.3,51.4,2781,Arthropoda
,,,,-18,20.15,-155.49,4200,Arthropoda
,,,,-10,42.5,-78.7,400,Arthropoda
,,,,-16,42.5,-78.7,400,Arthropoda
,,,,-16,42.5,-78.7,400,Arthropoda
,,,,-13.5,42.5,-78.7,400,Arthropoda
,,,,-5,61.4,8.8,1450,Arthropoda
,,,,-16,28.2,85.6,5600,Arthropoda
,,,,-3.8,60.6,7.5,1200,Arthropoda
,,,,-7,-42.68,146.57,1260,Arthropoda
,,,,-10,-45.1,169.45,1200,Arthropoda
,,,,-6.8,-32.4,20.5,1550,Arthropoda
,,,,-7.1,-32.3,19.1,1926,Arthropoda
,,,,-6.15,-32.3,19.1,1926,Arthropoda
,,,,-9.7,-29.6,29.3,3200,Arthropoda
,,,,-8.6,-32.4,20.5,1550,Arthropoda
,,,,-8,-32.3,19.1,1926,Arthropoda
,,,,-6.9,-32.4,20.5,1550,Arthropoda
,,,,-6.5,-32.3,19.1,1926,Arthropoda
,,,,-4.4,-29.6,29.3,3200,Arthropoda
,,,,-6.4,-32.4,20.5,1550,Arthropoda
,,,,-6.8,-32.3,19.1,1926,Arthropoda
,,,,-7.6,-45.47,170.05,1250,Arthropoda
,,,,-5,0.6,-71.2,4200,Arthropoda
,,,,-5,0.6,-71.2,4200,Arthropoda
,,,,-9,0.6,-71.2,4200,Arthropoda
,,,,-6.5,20.4,-99.13,1750,Arthropoda
,,,,-30.5,51,6.8,50,Streptophyta
46.7,58.6,8.7,340,-22.8,51,6.8,50,Ascomycota
37.5,19.4,-155.3,1200,,,,,Ascomycota
35.5,19.4,-155.3,1200,,,,,Ascomycota
44.1,-28.6,16.5,50,,,,,Ascomycota
44.4,-28.6,16.5,50,,,,,Ascomycota
47.1,-31.4,18.6,160,,,,,Ascomycota
47.5,-31.4,18.6,160,,,,,Ascomycota
47.4,-31.4,18.6,160,,,,,Ascomycota
48.1,-31.4,18.6,160,,,,,Ascomycota
,,,,-8.1,46.8,10.9,2300,Ascomycota
,,,,-7.5,4.2,9.2,2000,Ascomycota
,,,,-15.9,51.7,10.6,800,Ascomycota
,,,,-11.1,30.5,35.1,,Ascomycota
,,,,-11.5,30.5,35.1,,Ascomycota
,,,,-11,30.5,35.1,,Ascomycota
,,,,-12.7,49.1,8.3,,Ascomycota
,,,,-21.9,44.2,-0.1,,Ascomycota
,,,,-15.4,46.8,10.9,2300,Ascomycota
,,,,-26.3,49.1,8.3,,Ascomycota
,,,,-16,49.1,8.3,,Ascomycota
,,,,-18.7,49.1,8.3,,Ascomycota
,,,,-0.2,48.3,9.4,,Ascomycota
,,,,-11.5,44.2,-0.1,,Ascomycota
,,,,-13.6,49.6,9,,Ascomycota
,,,,-13.6,46.8,10.9,1950,Ascomycota
,,,,-13.2,-0.2,15.8,700,Ascomycota
,,,,-15.9,-69.7,22.6,,Ascomycota
,,,,-3,4.2,9.2,2000,Ascomycota
,,,,-7.6,-0.28,15.8,700,Ascomycota
,,,,-8.4,49.6,9,,Ascomycota
,,,,-11.4,30.5,35.1,,Ascomycota
,,,,-10.8,-69.7,22.6,,Ascomycota
,,,,-14.8,51.7,10.6,800,Ascomycota
,,,,-9.3,4.2,9.2,2000,Ascomycota
,,,,-10,2,17,,Ascomycota
,,,,-7.9,4.2,9.2,2000,Ascomycota
,,,,-14.2,44.2,-0.1,,Ascomycota
43.1,-26.14,28.25,1600,3.7,-26.14,28.25,1600,Chordata
40.4,33.6,-81.7,200,11.4,33.6,-81.7,200,Chordata
34.9,18.25,-71.22,12,11.7,18.25,-71.22,13,Chordata
40,9.16,-79.84,79,,,,,Chordata
35.7,9.16,-79.84,79,,,,,Chordata
33.4,9.16,-79.84,79,,,,,Chordata
44.4,29.21,-102.89,548,15.4,29.21,-102.89,548,Chordata
43.5,40.55,-3.78,650,7,40.6,-5.9,,Chordata
45.5,42.33,-1.63,315,8.8,40.4,-4.3,,Chordata
43.9,48.52,1.98,137,5.9,50.9,-0.1,200,Chordata
46.3,36.97,-2.4,585,,,,,Chordata
43.6,42.65,-5.72,1020,,,,,Chordata
43,43.13,-8.08,528,,,,,Chordata
45.4,40.87,-4.48,1015,,,,,Chordata
43.3,39.52,3.29,57,,,,,Chordata
44.2,40.41,-5.06,1603,5.9,51.8,5.9,,Chordata
45.1,-34.18,139.98,16,8.7,-34.18,139.98,16,Chordata
44.7,-30.52,151.65,1013,11.4,-30.52,151.65,1013,Chordata
45.5,-34.57,139.58,11,9.1,-34.57,139.58,11,Chordata
44.2,-34.57,139.58,11,6.1,-34.57,139.58,11,Chordata
41.2,-27.75,140.73,42,9,-27.75,140.73,42,Chordata
42,-34.57,139.58,11,7.3,-34.57,139.58,11,Chordata
43,-30,150,331,3.5,-30,150,331,Chordata
42.1,-2.07,36.82,2000,4.4,-2.07,36.82,2000,Chordata
43.6,-2.42,37.97,800,7.6,-2.42,37.97,800,Chordata
41.8,0.2,35.1,1800,3.5,0.2,35.1,1800,Chordata
40.8,-1.28,36.82,1700,5.1,-1.28,36.82,1700,Chordata
41,-1.28,36.82,1700,5.3,-1.28,36.82,1700,Chordata
41.6,-0.17,37.33,3300,1.4,-0.17,37.33,3300,Chordata
43.5,18.8,-110.97,,,,,,Chordata
41.8,18.37,-114.74,,,,,,Chordata
40.5,18.37,-114.74,,,,,,Chordata
34,34.01,-118.81,38,,,,,Chordata
36,9.16,-79.84,79,,,,,Chordata
38,44.56,-123.26,60,,,,,Chordata
42.4,42.08,-86.2,,,,,,Chordata
42,34.74,-115.66,,,,,,Chordata
38,33.83,-116.54,,,,,,Chordata
39.2,43.64,-123.82,56,,,,,Chordata
42,30.25,-99.87,627,,,,,Chordata
42.5,38.65,-122.67,417,,,,,Chordata
44,33.61,-116.63,1386,,,,,Chordata
45.5,35.01,-115.65,650,,,,,Chordata
40.5,33.57,-104.38,1076,,,,,Chordata
41.3,45.67,-118.79,328,,,,,Chordata
41.6,27.07,-81.45,31,,,,,Chordata
41.5,31.25,-102.35,742,,,,,Chordata
43,33.25,-111.63,427,-3,33.25,-111.63,427,Chordata
44.2,28.08,-81.79,62,,,,,Chordata
37.8,36.59,-79.4,152,,,,,Chordata
35.5,15.29,-61.4,0,,,,,Chordata
42.1,28,-15.5,950,7.1,28,-15.5,950,Chordata
44.45,39.9,0.68,28,,,,,Chordata
41.6,-33.77,18.78,289,7.5,-33.77,18.78,289,Chordata
41,-32.98,17.87,5,7.4,-32.98,17.87,5,Chordata
40.8,-34.03,19,1080,6.3,-34.03,19,1080,Chordata
45,-33.05,146.3,159,,,,,Chordata
46.5,31.85,-106.48,1388,,,,,Chordata
38.6,25.77,-80.19,0,,,,,Chordata
40.5,25.72,-80.27,1,,,,,Chordata
47.5,35.7,-116.34,47,14,34.15,-116.05,594,Chordata
41.8,35.7,-116.34,47,,,,,Chordata
38,35.7,-116.34,47,,,,,Chordata
39,35.7,-116.34,47,,,,,Chordata
41.6,35.7,-116.34,47,,,,,Chordata
46.7,35.7,-116.34,47,,,,,Chordata
39.3,35.7,-116.34,47,,,,,Chordata
45.6,35.7,-116.34,47,,,,,Chordata
45,35.7,-116.34,47,,,,,Chordata
43.5,34.26,-118.78,,,,,,Chordata
47.3,-27.25,-67.42,1200,15.41,-27.25,-67.42,1200,Chordata
44.33,-24.32,-66.15,3060,7.05,-24.32,-66.15,3060,Chordata
44.53,-40.27,-68.23,0,8.49,-40.27,-68.23,0,Chordata
43.99,-42.39,-64.59,0,9.4,-42.39,-64.59,0,Chordata
44.6,-44.04,-68.36,900,6.99,-44.04,-68.36,900,Chordata
43.7,-29.73,-67.75,2500,7.47,-29.73,-67.75,2500,Chordata
44.1,-28.8,-66.94,700,14.9,-28.8,-66.94,700,Chordata
45.7,-28.18,-67.11,400,12,-28.18,-67.11,400,Chordata
44.68,-29.51,-67.57,800,10.11,-29.51,-67.57,800,Chordata
43.91,-24.14,-66.67,3200,8.83,-24.14,-66.67,3200,Chordata
45.1,-41.88,-69.37,700,7.68,-41.88,-69.37,700,Chordata
44.45,-43.49,-65.47,0,8.24,-43.49,-65.47,0,Chordata
44.98,-24.25,-66.35,3060,6.96,-24.25,-66.35,3060,Chordata
44.5,-45.41,-67.56,0,7.01,-45.41,-67.56,0,Chordata
46.1,-28.8,-66.56,800,13.22,-28.8,-66.56,800,Chordata
43.67,-42.08,-69.52,950,7.6,-42.08,-69.52,950,Chordata
46.18,-30.12,-67.4,800,12.2,-30.12,-67.4,800,Chordata
44.94,-42.27,-64.08,900,5.65,-42.27,-64.08,900,Chordata
44.7,-40.44,-68.37,0,8.06,-40.44,-68.37,0,Chordata
43.83,-38.54,-58.55,0,8.93,-38.54,-58.55,0,Chordata
44.58,-29.82,-67.95,900,11.85,-29.82,-67.95,900,Chordata
45.23,-42.26,-68.41,900,7.31,-42.26,-68.41,900,Chordata
44.16,-27.52,-68.13,3500,9.35,-27.52,-68.13,3500,Chordata
45.93,-28.8,-66.94,990,12.19,-28.8,-66.94,990,Chordata
44.69,-26.59,-66.16,1600,8.46,-26.59,-66.16,1600,Chordata
45.2,-30.2,-67.67,500,10.7,-30.2,-67.67,500,Chordata
43,-28.81,-66.74,690,14.07,-28.81,-66.74,690,Chordata
43.8,-40.29,-68.45,500,5.5,-40.29,-68.45,500,Chordata
48.21,-27.48,-67.64,0,14.2,-27.48,-67.64,0,Chordata
45.57,-26.59,-66.16,1000,9.39,-26.59,-66.16,1000,Chordata
45,-37.4,-67.11,1200,7.3,-37.4,-67.11,1200,Chordata
44.6,-42.39,-64.59,400,8.98,-42.39,-64.59,400,Chordata
44.48,-43.74,-65.58,0,7.86,-43.74,-65.58,0,Chordata
41.4,-27.16,-68.43,3750,11.8,-27.16,-68.43,3750,Chordata
44.7,-45.43,-69.6,669,7,-45.43,-69.6,669,Chordata
44.6,-30.3,-69.78,3400,11.5,-30.3,-69.78,3400,Chordata
42.8,-41.58,-69.37,850,5.7,-41.58,-69.37,850,Chordata
39.9,-41.08,-70.95,915,9.8,-41.08,-70.95,915,Chordata
42.4,-39.67,-70.6,990,8.9,-39.67,-70.6,990,Chordata
41.9,-37.8,-70.7,2050,10.5,-37.8,-70.7,2050,Chordata
41.4,34,-118.9,8,2.2,34,-118.9,8,Chordata
42,29.97,-101.16,464,,,,,Chordata
41.9,30.27,120.15,15,9.3,30.27,120.15,15,Chordata
38.6,-34.15,138.42,72,9.6,-34.15,138.42,72,Chordata
36.3,-22.43,150.19,56,,,,,Chordata
35,-29.43,151.7,885,,,,,Chordata
43.6,-33.78,150.98,34,,,,,Chordata
34.5,-22.55,150.29,567,,,,,Chordata
38.7,-24.67,151.86,49,,,,,Chordata
40.3,-15.7,145.24,156,,,,,Chordata
42.4,-17.01,145.43,410,,,,,Chordata
41.3,-24.34,151.04,492,,,,,Chordata
41.2,-17.27,145.63,744,,,,,Chordata
42.3,-23.38,150.51,16,,,,,Chordata
41.3,-27.48,152.97,83,,,,,Chordata
41.4,-17.49,146.08,12,,,,,Chordata
43.1,-24.36,131.75,655,,,,,Chordata
41.1,-27.48,152.97,83,,,,,Chordata
45,-12.65,132,22,,,,,Chordata
45.5,-14.89,142.5,74,,,,,Chordata
43.6,-28.74,114.62,12,,,,,Chordata
36.4,-28.58,153.37,414,,,,,Chordata
39.2,-27.48,152.97,83,,,,,Chordata
38.6,-19.67,147.42,14,,,,,Chordata
38.1,-31.93,115.83,32,,,,,Chordata
43.8,-37.21,145.42,174,,,,,Chordata
42.9,-24.4,132.4,581,,,,,Chordata
43.1,-23.28,119.53,690,,,,,Chordata
40.9,-18.65,139.25,71,,,,,Chordata
45.1,-33.47,135.33,44,,,,,Chordata
44.6,-28.87,121.38,400,,,,,Chordata
44.6,-32.8,116.07,257,,,,,Chordata
42.3,-31.97,116.13,247,,,,,Chordata
42,-23.84,151.26,16,,,,,Chordata
40.2,-36.8,146.2,558,,,,,Chordata
37.3,-31.5,152.8,67,,,,,Chordata
35.5,-17.72,145.52,774,,,,,Chordata
35.3,-16.9,145.7,14,,,,,Chordata
35.9,-17.39,145.73,710,,,,,Chordata
43.9,49.88,17.2,250,1.9,49.88,17.2,250,Chordata
48.5,-24.13,135.33,294,,,,,Chordata
36.9,-28.1,139.98,438,,,,,Chordata
38.9,18.27,-65.91,594,,,,,Chordata
41.2,18.4,-66.05,28,,,,,Chordata
43.9,-14.79,142.43,74,,,,,Chordata
40.1,18.18,-71.07,5,,,,,Chordata
40.1,18.8,-70.68,2200,,,,,Chordata
40.5,19.12,-70.63,500,,,,,Chordata
36,18.4,-66.05,200,,,,,Chordata
36.1,18.37,-65.72,1,,,,,Chordata
39.6,18.45,-69.66,16,,,,,Chordata
35.9,14.64,-61.02,350,,,,,Chordata
45,33.18,35.74,938,12.5,33.18,35.74,938,Chordata
47.2,31.23,34.78,243,12,,,,Chordata
45.1,10.57,-83.53,27,,,,,Chordata
43.1,10.58,-83.52,0,,,,,Chordata
43.3,25.15,121.55,0,5,25.12,121.3,1500,Chordata
43.5,24.17,121.3,2596,2.5,23.91,120.66,2000,Chordata
43.4,25.15,121.55,0,5.7,25.12,121.3,1000,Chordata
39.3,22.05,121.53,291,12,22.05,121.53,291,Chordata
37.4,24.17,121.3,2596,5.9,24.17,121.3,2596,Chordata
38.2,23.83,121.03,700,5.3,23.83,121.03,700,Chordata
37.7,23.53,120.8,2482,4.7,23.53,120.8,2482,Chordata
38,23.97,120.95,423,6.4,23.97,120.95,423,Chordata
35.7,18.29,-66.79,350,6.3,18.2,-66.14,,Chordata
41.6,29.18,-102.96,1671,8.5,29.18,-102.96,1671,Chordata
43,34.12,-115.83,393,7.6,34.12,-115.83,393,Chordata
42.4,21.97,-159.72,0,11.9,21.97,-159.72,0,Chordata
41.1,29.18,-102.96,1680,10.5,29.18,-102.96,1680,Chordata
40.2,21.97,-159.72,0,11.5,21.97,-159.72,0,Chordata
38.2,18.04,-65.89,235,12.5,18.04,-65.89,235,Chordata
36.3,18.37,-65.72,1,10.4,18.37,-65.72,1,Chordata
39.4,18.38,-67.19,20,11.3,18.38,-67.19,20,Chordata
39.5,17.97,-66.91,81,11.4,17.97,-66.91,81,Chordata
39.3,17.97,-66.91,81,10.5,17.97,-66.91,81,Chordata
42.1,18.33,-65.65,11,11.4,18.33,-65.65,11,Chordata
37.1,18.5,-66.14,6.5,8.9,18.5,-66.14,5.6,Chordata
38.8,18.1,-66.9,0,9.3,18.1,-66.9,0,Chordata
41.5,29.2,-103,,14.1,29.2,-103,,Chordata
39.9,-41.13,-70.67,900,9.8,-41.13,-70.67,900,Chordata
42.3,30.21,120.1,140,6.3,30.21,120.1,140,Chordata
40.5,34.54,-117.29,840,4.5,34.54,-117.29,840,Chordata
44.8,-24.58,31.18,559,8.8,-24.58,31.18,559,Chordata
41.8,19.17,-98.6,3743,,,,,Chordata
41.1,41.45,106.98,1651,9,41.45,106.98,1651,Chordata
43.1,31.87,-111.46,948,,,,,Chordata
41,41.55,-101.15,1008,4.6,45.41,-97.9,451,Chordata
44.9,35.59,112.25,802,1,35.59,112.25,802,Chordata
34.9,33.04,-116.87,456,,,,,Chordata
39,33.01,-118.56,119,6.6,33.01,-118.56,12,Chordata
,-26.47,28.23,1500,10.2,-26.47,28.23,1500,Chordata
48.9,-28.38,135.33,1,,,,,Chordata
43,44.73,-110.7,2289,9.1,44.73,-110.7,2289,Chordata
42.6,33.89,-116.68,454,,,,,Chordata
51,33.96,-96.76,249,,,,,Chordata
47.9,32.28,-106.75,1208,9.5,32.28,-106.75,1208,Chordata
43.5,33.6,-105.22,2125,2.7,33.6,-105.22,2125,Chordata
40.6,35.33,-90.07,78,6.9,35.33,-90.07,78,Chordata
34.6,14.09,121.49,1100,,,,,Chordata
35.1,14.09,121.49,1100,,,,,Chordata
32.9,14.09,121.49,1100,,,,,Chordata
36.9,14.09,121.49,1100,,,,,Chordata
37,14.09,121.49,1100,,,,,Chordata
43.1,40.8,-105.59,2600,2,40.56,-120.78,1556,Chordata
46.5,34.1,-103.3,1280,,,,,Chordata
42.3,-30.52,151.65,1013,3,-30.52,151.65,1013,Chordata
41.2,-38.3,146.2,259,3,-38.3,146.2,259,Chordata
43.5,-35.4,148.73,784,3,-35.4,148.73,784,Chordata
43.8,-34.9,146.2,326,7,-34.9,138.87,326,Chordata
41.9,-33.88,151.2,399,4.7,-33.88,151.2,399,Chordata
41.6,-28.13,123.92,402,9.8,-28.13,123.92,402,Chordata
41.8,-37.33,148.01,548,4.5,-37.33,148.01,548,Chordata
41.2,-36.4,148.41,1752,4,-36.4,148.41,1752,Chordata
39.5,-34.05,149.83,1208,5.3,-34.05,149.83,1208,Chordata
40.2,-36.4,148.41,1752,2.5,-36.4,148.41,1752,Chordata
43.8,-27.5,140.5,45,6,-27.5,140.5,45,Chordata
39.3,-35.87,147.85,575,6.8,-35.87,147.85,575,Chordata
40.6,-22.82,133.38,657,9.6,-22.82,133.38,657,Chordata
40.8,-33.37,151.26,180,4.7,-33.37,151.26,180,Chordata
41.3,-33.73,151.13,180,2.5,-33.73,151.13,180,Chordata
41.8,-16.85,130.23,254,2.7,-16.85,130.23,254,Chordata
42.5,-28.13,123.92,489,3.5,-28.13,123.92,489,Chordata
37,-37.81,145.23,125,4,-37.81,145.23,125,Chordata
39.6,-41.82,147.37,198,2.7,-41.82,147.37,198,Chordata
40.1,-42.58,147.87,81,3,-42.58,147.87,81,Chordata
38,-36.2,150.1,17,2.2,-36.2,150.1,17,Chordata
42.1,-36.4,148.41,1752,2.5,-36.4,148.41,1752,Chordata
42.3,-37.8,146.3,1279,2.3,-37.8,146.3,1279,Chordata
42.4,-30.22,145.79,107,3.5,-30.22,145.79,107,Chordata
44.8,-35.4,148.75,656,3.1,-35.4,148.75,656,Chordata
37.7,-36.8,147.6,889,6.2,-36.8,147.6,889,Chordata
40,-37.3,150,431,3,-37.3,145.1,431,Chordata
42.5,-38.6,145.7,44,5.2,-38.6,145.7,44,Chordata
43.7,-33.42,151.26,166,5,-33.42,151.26,166,Chordata
39.8,-30.51,151.67,977,6,-30.51,151.67,977,Chordata
39,-37.4,145.2,743,2.5,-37.4,145.2,743,Chordata
44.5,-25.75,20.73,1219,15.7,-15.38,35.33,900,Chordata
42.9,-25.75,20.73,1219,,,,,Chordata
42.7,-25.75,20.73,1219,,,,,Chordata
46,-25.75,20.73,1219,,,,,Chordata
45.6,-25.75,20.73,1219,,,,,Chordata
43.4,-25.75,20.73,1219,,,,,Chordata
38.9,44.56,-123.26,60,4.2,44.56,-123.26,60,Chordata
38.9,44.56,-123.26,60,4.2,44.56,-123.26,60,Chordata
38.4,10.63,-85.43,100,11.8,10.63,-85.43,100,Chordata
35.6,10.42,-84.02,50,12.4,10.42,-84.02,50,Chordata
38.4,10.3,-84.82,1450,11.1,10.3,-84.82,1450,Chordata
37.3,10.42,-84.02,50,12.9,10.42,-84.02,50,Chordata
36.8,10.42,-84.02,50,12.3,10.42,-84.02,50,Chordata
36.7,10.42,-84.02,50,14.7,10.42,-84.02,50,Chordata
33.1,10.3,-84.82,1450,9.5,10.3,-84.82,1450,Chordata
43.7,10.5,-84,50,15.5,10.5,-84,50,Chordata
41.7,31.32,-91.53,0,4.7,31.32,-91.53,0,Chordata
45.1,43,-116.2,300,10.5,43,-116.2,300,Chordata
38,10.45,-84.02,50,11.3,10.45,-84.02,50,Chordata
42.8,10.3,-84.1,1400,9.7,10.3,-84.1,1400,Chordata
44.1,33.96,-116.24,1374,4.8,33.96,-116.24,1374,Chordata
43.1,10.5,-85.3,0,10.2,10.5,-85.3,0,Chordata
42.7,42.53,8.72,70,,,,,Chordata
43.7,40.56,-105.59,1658,7.8,40.56,-105.59,1658,Chordata
43,-29.03,138.87,164,,,,,Chordata
45,-29.65,138.07,98,,,,,Chordata
46.5,-29.65,137.9,98,,,,,Chordata
41.5,-27.06,129.64,562,,,,,Chordata
43.5,-29.23,137.9,4,,,,,Chordata
41,-33.1,18.03,30,,,,,Chordata
44.6,-33.1,18.03,30,,,,,Chordata
48,-33.1,18.03,30,,,,,Chordata
48,-23.19,14.64,124,,,,,Chordata
37.6,30.27,120.15,17,3.1,30.27,120.15,17,Chordata
43.6,33.6,117.02,4,3.4,33.6,117.02,4,Chordata
45,30.72,122.45,,4.9,30.72,122.45,,Chordata
42.3,38.42,-120.82,300,7.7,38.42,-120.82,300,Chordata
42.2,24.8,113.58,28,6.4,24.8,113.58,28,Chordata
,,,,8.9,40.17,94.68,1109,Chordata
,,,,1.2,-45.45,170.4,523,Chordata
,,,,3.3,-45.45,170.4,523,Chordata
,,,,3.99,-33.4,-70.8,2850,Chordata
,,,,3.68,-33.4,-70.8,1500,Chordata
,,,,3.99,-33.4,-70.8,1200,Chordata
,,,,5.95,-33.4,-70.8,1200,Chordata
,,,,2.63,-33.67,-70.1,2850,Chordata
,,,,4.54,-33.4,-70.8,2200,Chordata
,,,,3.3,-33.4,-70.8,2675,Chordata
,,,,3.6,-33.4,-70.8,2200,Chordata
,,,,5.4,-33.4,-70.8,2350,Chordata
,,,,4.16,-33.4,-70.8,1500,Chordata
,,,,11.6,39.28,-118.27,1278,Chordata
,,,,5.8,42.27,-83.82,280,Chordata
,,,,5.7,32.25,-109.81,1272,Chordata
,,,,6.1,20.25,-103,1563,Chordata
,,,,-5.37,31.93,-109.38,2377,Chordata
,,,,11.33,-26.77,-68.23,2400,Chordata
,,,,7.9,-26.77,-68.23,2400,Chordata
,,,,11.64,-23.33,-68.23,2300,Chordata
,,,,13.12,-18.17,-69.5,4350,Chordata
,,,,12.52,-26.15,-69.5,710,Chordata
,,,,11.7,-34.95,-69.5,1768,Chordata
,,,,12.25,-40.95,-69.5,700,Chordata
,,,,6.42,-27.07,-69.5,3670,Chordata
,,,,10.04,-32.83,-69.5,2901,Chordata
,,,,14.6,-23.53,-69.5,100,Chordata
,,,,11.64,-34.95,-69.5,1768,Chordata
,,,,8.08,-18.17,-69.5,4350,Chordata
,,,,10.13,-29.85,-69.5,3206,Chordata
,,,,8.4,-29.57,-69.5,336,Chordata
,,,,6.91,-19.25,-69.5,3710,Chordata
,,,,8.47,-40.95,-69.5,700,Chordata
,,,,11.98,-27.05,-69.5,200,Chordata
,,,,11.08,-29.57,-69.5,336,Chordata
,,,,13.64,-39.3,-69.5,430,Chordata
,,,,8.2,-29.85,-69.5,3206,Chordata
,,,,12.9,-22.6,-69.5,4250,Chordata
,,,,3,-33.63,150.28,1065,Chordata
,,,,7,-23.7,133.9,585,Chordata
25,48.536683,-123.015409,0,,,,,Streptophyta
15,-77.8,166.67,0,,,,,Arthropoda
13,-77.8,166.67,0,,,,,Arthropoda
12,-77.8,166.67,0,,,,,Arthropoda
10,-77.8,166.67,0,,,,,Arthropoda
15.02,-77.8,166.67,0,,,,,Arthropoda
38.1,18,-92.9,0,14.8,18,-92.9,0,Arthropoda
45.9,-32.92,18.23,0,,,,,Arthropoda
39,39.4,-84.6,200,0.5,39.4,-84.6,200,Arthropoda
35.1,38,-9,0,,,,,Arthropoda
33.8,38,-9,0,,,,,Arthropoda
32.2,38,-9,0,,,,,Arthropoda
35.7,38,-9,0,,,,,Arthropoda
34.1,38,-9,0,,,,,Arthropoda
34.4,38,-9,0,,,,,Arthropoda
33.4,38,-9,0,,,,,Arthropoda
33.6,48.8,-125.1,0,3.5,48.8,-125.1,0,Arthropoda
36,36.44,-115.36,0,8.4,36.44,-115.36,0,Arthropoda
33.5,48.68,-122.5,0,,,,,Arthropoda
27.5,-37.18,175.4,,,,,,Arthropoda
27.4,-38.1,175.49,,,,,,Arthropoda
40,9.5,-78,0,5,9.5,-78,0,Arthropoda
25,71,-156.47,0,-2,71,-156.47,0,Arthropoda
45,9.5,-78,0,10,9.5,-78,0,Arthropoda
40,9.5,-78,0,,,,,Arthropoda
40,9.5,-78,0,,,,,Arthropoda
25,71,-156.47,0,,,,,Arthropoda
25,65,-60,0,,,,,Arthropoda
34.8,32.85,-117.25,0,,32.85,-117.25,0,Arthropoda
33.9,43.3,-124.4,0,-1.4,43.3,-124.4,0,Arthropoda
30.5,43.3,-124.4,0,1.5,43.3,-124.4,0,Arthropoda
41.6,31,-114.34,0,1.9,31,-114.34,0,Arthropoda
39.3,31,-114.34,0,4.5,31,-114.34,0,Arthropoda
32,36.6,-121.8,0,2,36.6,-121.8,0,Arthropoda
38.2,-23.8,-45.4,0,,,,,Arthropoda
34.7,-23.8,-45.4,0,,,,,Arthropoda
39,-23.8,-45.4,0,,,,,Arthropoda
39.7,-23.8,-45.4,0,,,,,Arthropoda
,,,,3,46.2,-119,,Arthropoda
35,-25.17,-59.52,,18,-25.17,-59.52,,Chordata
37,-23.26,-58.57,,28,-23.26,-58.57,,Chordata
33,7.15,-66.08,,22,7.15,-66.08,,Chordata
36,-12.31,-44.09,,27,-12.31,-44.09,,Chordata
30,4.57,-55.65,,25,4.57,-55.65,,Chordata
35,-37.04,-66.16,,27,-37.04,-66.16,,Chordata
35,-42.45,-66.14,,25,-42.45,-66.14,,Chordata
37,11.47,-70.14,,31.5,11.47,-70.14,,Chordata
35,-42.52,147.19,,31,-42.52,147.19,,Chordata
35,-27.4,153.15,,24,-27.4,153.15,,Chordata
30,33.41,-117.47,,25,33.41,-117.47,,Chordata
35,-13.8,131.8,,30,-13.8,131.8,,Chordata
37.5,-13.3,130.8,,32.5,-13.3,130.8,,Chordata
37.5,-13.3,130.8,,32.5,-13.3,130.8,,Chordata
30,46.73,-117.18,,25,46.73,-117.18,,Chordata
40,33.3,-116.03,,33,33.3,-116.03,,Chordata
32.5,-14.53,13.28,,31.5,-14.53,13.28,,Chordata
32,-15.23,28.21,,28,-15.23,28.21,,Chordata
30,-12.27,27.51,6,29,-12.27,27.51,,Chordata
33,-4.9,152.1,150,28,-4.9,152.1,150,Chordata
34,-5.21,145.8,150,29,-5.21,145.8,150,Chordata
34,-34.46,-71.22,,26.8,-34.46,-71.22,,Chordata
32,-45.54,-71.22,,27.3,-45.54,-71.22,,Chordata
31,-34.46,-71.23,,22.7,-34.46,-71.23,,Chordata
33,-34.57,-70.82,,22,-34.57,-70.82,,Chordata
34,-45.54,-71.22,,27.5,-45.54,-71.22,,Chordata
35,-33,-71,,27.5,-39.2,-72.5,,Chordata
32.5,-36,-72.5,,22,-36,-72.5,,Chordata
33,-33,-71,,23,-36,-72,,Chordata
32,41.3,-114.5,2300,26,41.3,-114.5,2300,Chordata
35,36.15,-115.14,640,27,36.15,-115.14,640,Chordata
36,35.21,-113.76,180,33,35.21,-113.76,180,Chordata
32,36.05,-115.13,1950,27,36.05,-115.13,1950,Chordata
33.5,44.3,-73.9,,31,44.3,-73.9,,Chordata
37,44.3,-73.9,,29,44.3,-73.9,,Chordata
38,0.63,37.47,,31.4,0.38,37.47,,Chordata
34.49,-23.48,15.5,,26.39,-23.48,15.5,,Chordata
35.1,-23.48,15.5,,32.3,-23.48,15.5,,Chordata
35,-37.8,-57.5,,25,-37.8,-57.5,,Chordata
32,49.3,-123.1,,24.9,49.3,-123.1,,Chordata
38,32.13,-110.51,,35.5,32.13,-110.51,,Chordata
36,33.1,-116.5,,26,33.1,-116.5,,Chordata
33,7.43,-82.53,,25,7.43,-82.53,,Chordata
33,-18.77,136.07,,26.25,-18.77,136.07,,Chordata
35,-22.59,131.54,,30,-22.59,131.54,,Chordata
32.9,-30.17,115.02,,28.1,-30.17,115.02,,Chordata
34,-32.56,-71.31,20,26,-32.56,-71.31,20,Chordata
35.2,-22.41,-47.57,,31.4,-22.41,-47.57,,Chordata
34,35.01,-106.62,,30,35.01,-106.62,,Chordata
32,-37.8,-58.3,,30,-37.8,-58.3,,Chordata
35,-20.45,115.25,,25,-20.45,115.25,,Chordata
35,32.15,-111.1,,25,32.15,-111.1,,Chordata
34,34.6,-117.85,,31,34.6,-117.85,,Chordata
35,-35.15,145.35,,15,-35.15,145.35,,Chordata
35,-35.11,145.34,,25,-35.11,145.34,,Chordata
31,42.5,-76.5,,27,42.5,-76.5,,Chordata
34,42.5,-76.5,,26.5,42.5,-76.5,,Chordata
34.5,42.5,-76.5,,27.5,42.5,-76.5,,Chordata
26,-31.15,146.55,,20,-31.15,146.55,,Chordata
34.8,-23.1,15.4,,32.2,-23.1,15.4,,Chordata
34.9,-23.1,15.4,,32.4,-23.1,15.4,,Chordata
35,-23.1,15.4,,33.1,-23.1,15.4,,Chordata
30,-25,28.07,,20,-25,28.07,,Chordata
27.5,-30.33,22.57,,22.5,-30.33,22.57,,Chordata
31,-37.46,145.12,,27,-37.46,145.12,,Chordata
35.1,-37.57,145.33,,34,-37.57,145.33,,Chordata
30,52.72,23.65,,25,52.72,23.65,,Chordata
30,52.72,23.65,,25,52.72,23.65,,Chordata
33,-35.48,141.3,,29,-35.48,141.3,,Chordata
35,10.25,-85.05,,30,10.25,-85.05,,Chordata
35,11.47,-70.14,125,28,11.47,-70.14,,Chordata
26,33.4,-112.5,,22,33.4,-112.5,,Chordata
33,33.4,-111.5,,19,33.4,-111.5,,Chordata
37,31.46,35.38,,33,31.46,35.38,,Chordata
10,-25.43,28.13,,24,-25.43,28.13,,Chordata
35,32.31,34.93,,32,32.31,34.93,,Chordata
27,-32.22,22.11,,24,-32.22,22.11,,Chordata
32,-25.33,27.39,,28,-25.33,27.39,,Chordata
33,32.44,35.03,,28,32.44,35.03,,Chordata
35,-33.11,22.05,,26,-33.11,22.05,,Chordata
29,-1.48,11.36,,25,-1.48,11.36,,Chordata
34,7.52,-77.5,,32,7.52,-77.5,,Chordata
40,32.14,-110.55,,25,32.14,-110.55,,Chordata
35,30.9,-4,900,33,30.9,-4,900,Chordata
33,32.5,-6,1650,28,32.5,-6,1650,Chordata
32,-33.43,151.34,,24,-33.43,151.34,,Chordata
34,26.2,-98.4,,31,26.2,-98.4,,Chordata
34,12.08,-86.15,,31,12.08,-86.15,,Chordata
37,10.21,40.24,,26,10.21,40.24,,Chordata
25.5,41.6,-106.35,,17.5,41.6,-106.35,,Chordata
35,-26.08,126.34,,27,-26.08,126.34,,Chordata
32.5,-27.67,121.62,,25,-27.67,121.62,,Chordata
32.5,-31.99,115.54,,20,-31.99,115.54,,Chordata
36,26.28,-81.04,,30,26.28,-81.04,,Chordata
31.5,50,20,,27.5,50,20,,Chordata
36,28.5,-81.6,,29.5,28.5,-81.6,,Chordata
35.3,29.4,-82.19,,29.7,29.4,-82.19,,Chordata
30,-16.3,-63.5,,28,-16.3,-63.5,,Chordata
36,-32.28,21.15,,32.5,-32.28,21.15,,Chordata
27.5,48.29,124.51,,25,48.29,124.51,,Chordata
30,48.29,124.51,,25,48.29,124.51,,Chordata
27.5,48.29,124.51,,22.5,48.29,124.51,,Chordata
31,-25.47,20.01,,27,-25.47,20.01,,Chordata
34,-34.12,18.23,,26.3,-34.12,18.23,,Chordata
35.89,-25.1,20.9,,27.46,-25.1,20.9,,Chordata
33.4,8.7,-71.4,1000,29.2,8.7,-71.4,1000,Chordata
32.5,8.6,-71.1,2200,25.2,8.6,-71.1,2200,Chordata
34,-22.3,131.8,,32,-22.3,131.8,,Chordata
34,-24.5,139.4,,33,-24.5,139.4,,Chordata
36,-22.3,131.8,,31,-22.3,131.8,,Chordata
35,-29.52,30.54,,25,-29.52,30.54,,Chordata
33,-4.3,152,150,26,-4.3,152,150,Chordata
34,-4.98,145.1,100,28,-4.98,145.1,100,Chordata
34.5,34.3,-117.6,,27,34.3,-117.6,,Chordata
35,36.2,-115.2,,29,36.2,-115.2,,Chordata
36.5,36.2,-115.2,,30,36.2,-115.2,,Chordata
33,36.3,-115.7,1981,27,36.3,-115.7,1981,Chordata
35,9.85,124.14,,32,9.85,124.14,,Chordata
35,29.4,-82.2,55,26,29.4,-82.2,,Chordata
33,-1.37,36.8,1500,28,-1.37,36.8,1500,Chordata
37,-2.45,36.5,1000,31,-2.45,36.5,,Chordata
35,-19.07,-44.19,,26,-19.07,-44.19,,Chordata
34,16.06,-94.6,,28,16.06,-94.6,,Chordata
35,-20.05,-56.47,,25,-20.05,-56.47,,Chordata
36,-23.5,-46.37,,25,-23.5,-46.37,,Chordata
35,-20.06,-56.47,,29,-20.06,-56.47,,Chordata
34,-19.37,-43.53,,28,-19.37,-43.53,,Chordata
30,-41.01,-62.47,,25,-41.01,-62.47,,Chordata
30,-19.37,-43.52,,26,-19.37,-43.52,,Chordata
31,-20.49,-49.22,,25,-20.49,-49.22,,Chordata
36,-20.49,-49.22,,32,-20.49,-49.22,,Chordata
38,-20.06,-56.47,,32,-20.06,-56.47,,Chordata
38,-20.05,-56.48,,28,-20.05,-56.48,,Chordata
37,-20.49,-49.22,,25,-20.49,-49.22,,Chordata
35,-41.01,-62.47,,25,-41.01,-62.47,,Chordata
35,-41.02,-62.48,,30,-41.02,-62.48,,Chordata
35,-41.02,-62.48,,28,-41.02,-62.48,,Chordata
35,9.08,-79.42,,26.36,9.08,-79.42,,Chordata
34,29.39,-82.19,,22,29.39,-82.19,,Chordata
35,-41.24,-63.37,,27,-41.24,-63.37,,Chordata
36,8.53,-80.78,,26,8.53,-80.78,,Chordata
36,9.33,-79.39,,27.5,9.33,-79.39,,Chordata
36,9.01,-79.5,,29.5,9.01,-79.5,,Chordata
35,35.46,-119.49,,28.5,35.46,-119.49,,Chordata
34.5,15.52,100.59,,26.74,15.52,100.59,,Chordata
33,29.4,-82.2,,26,29.4,-82.2,,Chordata
35,-0.48,11.36,,30,-0.48,11.36,,Chordata
32.5,8.38,-80.46,,27.5,8.38,-80.46,,Chordata
35,-16.17,-63.35,,29,-16.17,-63.35,,Chordata
35,-35,-65,,30,-35,-65,,Chordata
35,-35,-65,,29,-35,-65,,Chordata
33,25.53,-80.16,,28,25.53,-80.16,,Chordata
35,-7.245381,19.24195,,27,-7.245381,19.24195,,Chordata
31,-42,146.5,,18,-42,146.5,,Chordata
33,-5.08,140.44,,18,-5.08,140.44,,Chordata
30,-32.78,116.97,,,,,,Chordata
36,33.1,103.27,,25,33.1,103.27,,Chordata
37,-5.32,141,,27,-5.32,141,,Chordata
37,4.53,114.56,,30,4.53,114.56,,Chordata
32.5,3.85,114.43,,26,3.85,114.43,,Chordata
32,3.86,114.43,,29,3.86,114.43,,Chordata
33,42.7,-118.7,,25,42.7,-118.7,,Chordata
32,71.29,-156.7,,25,71.29,-156.7,,Chordata
35,42.44,-76.47,,23,42.44,-76.47,,Chordata
33.5,44.19,-121.65,,22.5,44.19,-121.65,,Chordata
33,44.6,-123.38,,25,44.6,-123.38,,Chordata
34,29.79,-82.49,,25,29.79,-82.49,,Chordata
30,40.71,-74.01,,15,40.71,-74.01,,Chordata
36,16.02,98.36,,27,16.02,98.36,,Chordata
34,-18.46,48.5,,26,-18.46,48.5,,Chordata
34,2.48,11.98,,27,2.48,11.98,,Chordata
36,21.77,95.89,,27,21.77,95.89,,Chordata
33,-3.547357,-66.00645,,22,-3.547357,-66.00645,,Chordata
38,-3.673795,-72.79065,,29,-3.673795,-72.79065,,Chordata
32.5,-4.98,145.1,,12.5,-4.98,145.1,,Chordata
33,-4.98,145.1,,25,-4.98,145.1,,Chordata
30,-4.98,145.1,,13,-4.98,145.1,,Chordata
32,-4.98,145.1,,20,-4.98,145.1,,Chordata
30,-4.98,145.1,,15,-4.98,145.1,,Chordata
37,21.07384,-80.0668,,24,21.07384,-80.0668,,Chordata
34,-8.517152,-53.99636,,26,-8.517152,-53.99636,,Chordata
30,37.4,-121.94,,25,37.4,-121.94,,Chordata
30,6.58,-74.17,,23,6.58,-74.17,,Chordata
33,-33.47,24.3,,30,-33.47,24.3,,Chordata
33,-1.17,36.49,,23,-1.17,36.49,,Chordata
25,-1.17,36.47,,7,-1.17,36.47,,Chordata
28,-1.17,36.48,,5,-1.17,36.48,,Chordata
35,20.5,-98.4,,28.3,20.5,-98.4,,Chordata
35,35.4,-115.2,1500,31,35.4,-115.2,1500,Chordata
32,33.8,8.4,,23.4,33.8,8.4,,Chordata
34.5,35.65,-105.28,,32.5,35.65,-105.28,,Chordata
31,46.43,-117.1,,26,46.43,-117.1,,Chordata
34.5,35.17,-119.42,,31.5,35.17,-119.42,,Chordata
32,-28.55,29.5,1350,28,-28.55,29.5,1350,Chordata
35,46.9,-112.1,,30,46.9,-112.1,,Chordata
31,2.02,22.52,,30,2.02,22.52,,Chordata
35,18.39,-67.15,,31,18.39,-67.15,,Chordata
38,18.39,-67.15,,30,18.39,-67.15,,Chordata
20,-40.42,147.14,,10,-40.42,147.14,,Chordata
38,-32.29,26.41,,35,-32.29,26.41,,Chordata
35,0.22,37.54,,27,0.22,37.54,,Chordata
33,-28.92,152.37,,25,-28.92,152.37,,Chordata
25,-31.53,151.68,,18,-31.53,151.68,,Chordata
34.2,29.5,34,,30,29.5,34,,Chordata
30,39.25,116.34,,27,39.25,116.34,,Chordata
34,-37.72,145.04,,31.3,-37.72,145.04,,Chordata
36.2,-18.29,-64.06,2400,34.7,-18.29,-64.06,2400,Chordata
32.5,-18.29,-64.06,2400,25.5,-18.29,-64.06,2400,Chordata
32.7,-18.29,-64.06,2400,26.3,-18.29,-64.06,2400,Chordata
35,46.51,6.63,,27.5,46.51,6.63,,Chordata
35,46.22,8.74,,27.5,46.22,8.74,,Chordata
35,-5.39,-62.29,,25,-5.39,-62.29,,Chordata
39,47.1,-88.6,,36,47.1,-88.6,,Chordata
37,-0.16,30.02,,13,-0.16,30.02,,Chordata
30,33.59,-117.59,,28,33.59,-117.59,,Chordata
33.5,28.1,-97.44,,30.5,28.1,-97.44,,Chordata
32,42.45,-76.5,477,28.5,42.45,-76.5,477,Chordata
38,43.93,116.09,,26,46.51,84.24,,Chordata
35,32.19,-106.76,,30,32.19,-106.76,,Chordata
29,3.45,101.41,,26.6,3.45,101.41,,Chordata
29,42.7,-84.48,,25,42.7,-84.48,,Chordata
34,38.96,-106.99,2975,26,38.96,-106.99,2975,Chordata
23,32.6,-117.2,0,5.9,32.6,-117.2,0,Chordata
36,42.78,-97,,26.7,42.78,-97,,Chordata
33.3,-30.35,151.44,,27.6,-30.35,151.44,,Chordata
34,-33.56,119.88,,28,-33.56,119.88,,Chordata
35,34.79,-119,1830,29,34.79,-119,1830,Chordata
36,40.6,-105.05,,25,40.6,-105.05,,Chordata
35,23.07,104.03,,27.5,23.07,104.03,,Chordata
35,32.14,-111.05,,25,32.14,-111.05,,Chordata
35,26.24,102.35,1617,30,26.24,102.35,1617,Chordata
,,,,18,-4.98,145.1,,Chordata
,,,,28,11,-69.6,,Chordata
,,,,20,10.22,-66.48,,Chordata
,,,,25,-14.26,39.13,,Chordata
,,,,32,11.47,-70.14,,Chordata
,,,,30.5,11.47,-70.14,,Chordata
,,,,25,48.7,2.5,,Chordata
,,,,30,31.9,34.8,,Chordata
,,,,30.9,-16.55,145.46,,Chordata
,,,,25,-1.17,36.49,,Chordata
,,,,15,-27.4,153.15,,Chordata
,,,,27.5,-5.28,147.52,,Chordata
,,,,31,-5.21,145.8,150,Chordata
,,,,30,-5.21,145.8,150,Chordata
,,,,33.5,10.1,-63.3,,Chordata
,,,,34.5,10.1,-63.3,,Chordata
,,,,34,11.4,-70,,Chordata
,,,,34,10.1,-63.3,,Chordata
,,,,22.2,-30.83,-67.92,,Chordata
,,,,24.9,-33.37,-60.35,,Chordata
,,,,26.3,-34.46,-71.23,,Chordata
,,,,28,-18.3,-65.2,,Chordata
,,,,32,-13.6,-72,,Chordata
,,,,27,-30,-64,,Chordata
,,,,26.4,-41.7,-71.8,,Chordata
,,,,28.9,-31.8,-67.2,,Chordata
,,,,27.2,-34.46,-71.23,,Chordata
,,,,28.9,-34.46,-71.23,,Chordata
,,,,30,45.1,-93.16,,Chordata
,,,,31,43.58,-74.23,,Chordata
,,,,24.5,49.06,-95.59,,Chordata
,,,,25.6,-33.2,-60.21,,Chordata
,,,,32,34.6,-117.85,,Chordata
,,,,33,34.6,-117.85,,Chordata
,,,,-11,70,21.9,,Chordata
,,,,32,-42.43,146.59,,Chordata
,,,,28,-28.4,137.7,,Chordata
,,,,29.1,-30.35,151.44,,Chordata
,,,,30.7,-30.35,151.44,,Chordata
,,,,28,-34.8,135.4,,Chordata
,,,,29.5,-29.4,153.4,,Chordata
,,,,30.5,11.25,-69.51,,Chordata
,,,,27,-8.53,-64.2,,Chordata
,,,,26,-25.43,28.13,,Chordata
,,,,30,-25.43,28.13,,Chordata
,,,,28,32.36,34.55,,Chordata
,,,,33,32.36,34.56,,Chordata
,,,,28,33,35,2100,Chordata
,,,,25,38.49,-77.57,,Chordata
,,,,35,-32.04,115.51,,Chordata
,,,,29,28.01,-97.31,,Chordata
,,,,24,29.6,-81.2,0,Chordata
,,,,-12,61.41,-147.54,,Chordata
,,,,-13,69.1,-151.46,,Chordata
,,,,30,-25.4,131,,Chordata
,,,,30,-25.9,139.4,,Chordata
,,,,25,37.1,-114,,Chordata
,,,,25,-31.95,115.85,,Chordata
,,,,32,32.24,-110.49,900,Chordata
,,,,6.4,33.2,-119.49,,Chordata
,,,,22,53.28,6.15,,Chordata
,,,,28,-4.3,152,150,Chordata
,,,,17,-4.98,145.1,100,Chordata
,,,,27,-4.98,145.1,100,Chordata
,,,,27,-4.98,145.1,100,Chordata
,,,,25,41.23,33.46,,Chordata
,,,,27,-1.77,36.49,,Chordata
,,,,29,-41.01,-62.47,,Chordata
,,,,29,-20.05,-56.47,,Chordata
,,,,25,-41.02,-62.47,,Chordata
,,,,30,-41.02,-62.48,,Chordata
,,,,30,-20.05,-56.48,,Chordata
,,,,30,-41.02,-62.48,,Chordata
,,,,24.5,8.32,-80.46,,Chordata
,,,,25.5,23.38,-79.53,,Chordata
,,,,28.76,10.42,-70.57,,Chordata
,,,,26,9.1,-64.37,,Chordata
,,,,26.5,44.3,-123.33,,Chordata
,,,,28,29.39,-82.19,,Chordata
,,,,26,-22.37,-44.4,,Chordata
,,,,27,4.51,-58.55,,Chordata
,,,,28,-40.43,-63.37,,Chordata
,,,,28,-40.43,-63.37,,Chordata
,,,,25,-7.7,-69.1,,Chordata
,,,,33,1.007864,37.97849,,Chordata
,,,,33,-15.58,-49.36,,Chordata
,,,,19,9.1,-79.7,,Chordata
,,,,23,-23.44,-58.44,,Chordata
,,,,23,40.7,-123.8,,Chordata
,,,,15.5,69.3,-81.59,,Chordata
,,,,22.5,64.8,-147.7,,Chordata
,,,,25,39.5,-105.8,,Chordata
,,,,19,18.04,98.44,,Chordata
,,,,27,-8.762805,-68.43937,,Chordata
,,,,19,29.7,-82.35,,Chordata
,,,,18,9.1,-79.72,,Chordata
,,,,24,8.88,-74.53,,Chordata
,,,,27.1,17.55,-99.5,,Chordata
,,,,15,50.29,-98.31,,Chordata
,,,,30,18.39,-67.15,,Chordata
,,,,30,18.39,-67.15,,Chordata
,,,,5.4,57.2,-170.3,,Chordata
,,,,20.9,65.19,25.26,,Chordata
,,,,20,9.1,-79.8,,Chordata
,,,,21,9.1,-79.8,,Chordata
,,,,27,9.1,-79.8,,Chordata
,,,,24.5,9.1,-79.8,,Chordata
,,,,27,30.03,35.02,,Chordata
,,,,26,32,34.8,,Chordata
,,,,27.5,6.81,-5.26,,Chordata
,,,,30,-4.14,29.53,,Chordata
,,,,30,5.35,-4.02,,Chordata
,,,,31,-4.14,29.53,,Chordata
,,,,31,5.35,-4.02,,Chordata
,,,,31,14.68,-0.46,,Chordata
,,,,25,46.18,6.54,,Chordata
,,,,25.5,-34.36,139.79,,Chordata
,,,,20,20.8,40.8,2200,Chordata
,,,,29,38.96,-106.99,,Chordata
25.2,55.75,-4.9,0.907,-1.4,55.75,-4.9,0.907,Arthropoda
34.9,55.75,-4.9,3.13,-14.6,55.75,-4.9,3.13,Arthropoda
21.9,-54.18,-36.66,0,-7.6,-54.18,-36.66,0,Arthropoda
35.1,55.76,-4.91,0,-16.9,55.76,-4.91,0,Arthropoda
43.7,32.6,-16.85,0,-2.1,32.6,-16.85,0,Arthropoda
30.1,-38.1,175.49,,,,,,Annelida
31.8,-45.8,170.6,0,,,,,Echinodermata
35.6,-7.89,-14.38,0,,,,,Echinodermata
14,-77.8,166.67,0,,,,,Arthropoda
27,48.7262,-3.985322,0,-2,48.7262,-3.985322,0,Phaeophyceae
24,48.7262,-3.985322,0,-2,48.7262,-3.985322,0,Phaeophyceae
24,48.7262,-3.985322,0,3,48.7262,-3.985322,0,Phaeophyceae
27,48.7262,-3.985322,0,-2,48.7262,-3.985322,0,Phaeophyceae
27,48.7262,-3.985322,0,-2,48.7262,-3.985322,0,Phaeophyceae
32,10.448419,-64.197836,0,5,10.448419,-64.197836,0,Phaeophyceae
33.5,17.953043,-67.154763,0,8,17.953043,-67.154763,0,Phaeophyceae
23,69.241375,-53.55309,0,,,,,Phaeophyceae
30,69.241375,-53.55309,0,,,,,Phaeophyceae
21,69.241375,-53.55309,0,,,,,Phaeophyceae
26,-34.13429,18.320854,0,4,-34.13429,18.320854,0,Phaeophyceae
22.5,-34.13429,18.320854,0,10,-34.13429,18.320854,0,Phaeophyceae
23,69.189095,-113.83415,0,,,,,Phaeophyceae
15,47.53333,-52.616667,0,,,,,Phaeophyceae
17,78.92422,11.975902,0,,,,,Phaeophyceae
30,34.076603,133.290823,0,,,,,Phaeophyceae
30,34.076603,133.290823,0,,,,,Phaeophyceae
27,34.076603,133.290823,0,,,,,Phaeophyceae
27,34.076603,133.290823,0,,,,,Phaeophyceae
31,34.076603,133.290823,0,,,,,Phaeophyceae
27,34.076603,133.290823,0,,,,,Phaeophyceae
31,34.076603,133.290823,0,,,,,Phaeophyceae
30,34.076603,133.290823,0,,,,,Phaeophyceae
31,34.076603,133.290823,0,,,,,Phaeophyceae
20,48.536683,-123.015409,0,,,,,Phaeophyceae
18,48.536683,-123.015409,0,,,,,Phaeophyceae
25,48.536683,-123.015409,0,,,,,Phaeophyceae
20,48.536683,-123.015409,0,,,,,Phaeophyceae
15,48.536683,-123.015409,0,,,,,Phaeophyceae
18,48.536683,-123.015409,0,,,,,Phaeophyceae
23,48.536683,-123.015409,0,,,,,Phaeophyceae
20,48.536683,-123.015409,0,,,,,Phaeophyceae
18,48.536683,-123.015409,0,,,,,Phaeophyceae
23,48.536683,-123.015409,0,,,,,Phaeophyceae
18,48.536683,-123.015409,0,,,,,Phaeophyceae
15,48.536683,-123.015409,0,,,,,Phaeophyceae
15,48.536683,-123.015409,0,,,,,Phaeophyceae
18,48.536683,-123.015409,0,,,,,Phaeophyceae
18,48.536683,-123.015409,0,,,,,Phaeophyceae
15,48.536683,-123.015409,0,,,,,Phaeophyceae
28,48.536683,-123.015409,0,,,,,Phaeophyceae
20,48.536683,-123.015409,0,,,,,Phaeophyceae
19,54.19261,7.86732,0,,,,,Phaeophyceae
19,54.19261,7.86732,0,,,,,Phaeophyceae
21,54.19261,7.86732,0,,,,,Phaeophyceae
28,54.19261,7.86732,0,,,,,Phaeophyceae
20,54.19261,7.86732,0,,,,,Phaeophyceae
28,54.19261,7.86732,0,,,,,Phaeophyceae
25,54.19261,7.86732,0,,,,,Phaeophyceae
28,54.19261,7.86732,0,,,,,Phaeophyceae
28,54.19261,7.86732,0,,,,,Phaeophyceae
25,54.19261,7.86732,0,,,,,Phaeophyceae
18,54.19261,7.86732,0,,,,,Phaeophyceae
23,54.18145,7.892549,0,,,,,Phaeophyceae
25,54.19261,7.86732,0,,,,,Phaeophyceae
25,54.19261,7.86732,0,,,,,Phaeophyceae
24,-41.34463,174.784442,0,8,-41.34463,174.784442,0,Phaeophyceae
28,45.62853,-61.91226,0,0,45.62853,-61.91226,0,Phaeophyceae
26,43.705157,7.31492,0,0,43.705157,7.31492,0,Phaeophyceae
29,40.631983,22.932378,0,3,40.631983,22.932378,0,Phaeophyceae
27,43.705157,7.31492,0,1,43.705157,7.31492,0,Phaeophyceae
22.1,48.999951,-125.00003,0,,,,,Phaeophyceae
25.7,48.833027,-125.136954,0,,,,,Phaeophyceae
26.4,48.673196,-4.209235,0,,,,,Phaeophyceae
26.3,44.383217,-65.24991,0,,,,,Phaeophyceae
27.4,53.149993,-9.150054,0,,,,,Phaeophyceae
30.6,45.633134,-61.798328,0,,,,,Phaeophyceae
29.6,43.449597,3.672837,0,,,,,Phaeophyceae
24.8,-39.86119,-73.414287,0,-5.6,-45.95,170.333333,0,Phaeophyceae
27.4,-41.473363,-72.938689,0,-22,-45.95,170.333333,0,Phaeophyceae
21.2,-42.769448,-65.031717,0,,,,,Phaeophyceae
20.2,-53.624305,-69.632091,0,,,,,Phaeophyceae
26.4,-53.171045,-70.9123,0,,,,,Phaeophyceae
25,-39.850004,-73.433321,0,,,,,Phaeophyceae
25.5,-41.473363,-72.938689,0,,,,,Phaeophyceae
28,-15.382521,-75.169291,0,,,,,Phaeophyceae
25.3,-36.633265,-72.957518,0,,,,,Phaeophyceae
23.6,-54.920393,-68.6585,0,,,,,Phaeophyceae
24.4,-53.63352,-70.915565,0,,,,,Phaeophyceae
24.3,-42.613959,-73.773961,0,,,,,Phaeophyceae
27.1,-39.818013,-73.22938,0,,,,,Phaeophyceae
24.5,-39.428835,-73.216691,0,,,,,Phaeophyceae
26.1,-15.382521,-75.169291,0,,,,,Phaeophyceae
20.7,-54.975541,-66.745633,0,,,,,Phaeophyceae
27.3,-29.968074,-71.351984,0,,,,,Phaeophyceae
24.5,-53.624305,-69.632091,0,,,,,Phaeophyceae
21.5,-53.624305,-69.632091,0,,,,,Phaeophyceae
31.8,-43.1167,-73.7167,0,,,,,Phaeophyceae
27.8,-53.787176,-67.688686,0,,,,,Phaeophyceae
23.1,-54.87826,-68.159138,0,,,,,Phaeophyceae
24,45.203672,-64.618326,0,4,45.203672,-64.618326,0,Phaeophyceae
24,-33.988622,18.346018,0,5,-33.988622,18.346018,0,Phaeophyceae
22,-33.988622,18.346018,0,0,-33.988622,18.346018,0,Phaeophyceae
23.4,48.73287,-3.983792,0,5,48.73287,-3.983792,0,Phaeophyceae
18.4,49.087512,-126.314624,0,0,49.087512,-126.314624,0,Phaeophyceae
16,69.375966,-81.894499,0,,,,,Phaeophyceae
18,49.087512,-126.314624,0,,,,,Phaeophyceae
11,-61.934135,-57.901964,0,,,,,Phaeophyceae
13,-61.934135,-57.901964,0,,,,,Phaeophyceae
18,-61.934135,-57.901964,0,,,,,Phaeophyceae
15.7,-61.934135,-57.901964,0,,,,,Phaeophyceae
15.5,-61.934135,-57.901964,0,,,,,Phaeophyceae
23,-54.931693,-67.602742,0,,,,,Phaeophyceae
16.3,-61.934135,-57.901964,0,,,,,Phaeophyceae
24,-54.932444,-67.606527,0,,,,,Phaeophyceae
14.5,-62.210794,-58.956171,0,,,,,Phaeophyceae
,,,,-6.1,-45.95,170.333333,0,Phaeophyceae
28,-38,148.5,0,,,,,Annelida
35.1,-43,148,0,,,,,Mollusca
46.6,51,10,375,,,,,Streptophyta
,,,,-29.5,51,6.8,50,Streptophyta
20,-77.8,166.67,0,,,,,Arthropoda
27.3,54.19261,7.86732,0,,,,,Rhodophyta
29.4,-45.4,167.1,0,,,,,Brachiopoda
4.5,-60.9,-45.6,0,,,,,Brachiopoda
45.4,,,,,,,,Streptophyta
48.5,,,,,,,,Streptophyta
42.8,,,,,,,,Streptophyta
41.9,,,,,,,,Streptophyta
46.3,,,,,,,,Streptophyta
47.7,,,,,,,,Streptophyta
39.8,,,,,,,,Streptophyta
46.8,,,,,,,,Streptophyta
49.7,,,,,,,,Streptophyta
52.8,,,,,,,,Streptophyta
46.7,,,,,,,,Streptophyta
47.5,,,,,,,,Streptophyta
51.8,,,,,,,,Streptophyta
47.5,,,,,,,,Streptophyta
51,42.49,2.25,770,,,,,Streptophyta
49.3,42.49,2.25,770,,,,,Streptophyta
47.9,42.49,2.25,770,,,,,Streptophyta
47.2,42.49,2.25,770,,,,,Streptophyta
46,36.8,10.1,25,,,,,Streptophyta
42.6,39.69,-5.36,690,-8.1,39.69,-5.36,690,Streptophyta
41.5,40.3,-3.7,600,,,,,Streptophyta
44.5,40.3,-3.7,600,,,,,Streptophyta
42,40.3,-3.7,600,,,,,Streptophyta
45.4,40.3,-3.7,600,,,,,Streptophyta
43.5,40.3,-3.7,600,,,,,Streptophyta
43.2,40.3,-3.7,600,,,,,Streptophyta
44.5,40.3,-3.7,600,,,,,Streptophyta
53.2,33.5,-117.1,375,,,,,Streptophyta
64.1,33.5,-117.1,375,,,,,Streptophyta
53,34.1,-118.6,360,,,,,Streptophyta
59.7,43.04,-73,760,,,,,Streptophyta
53.3,34.1,-118.6,360,,,,,Streptophyta
54.3,34.1,-118.6,360,,,,,Streptophyta
57.8,33.5,-117.1,375,,,,,Streptophyta
54.8,33.5,-117.1,375,,,,,Streptophyta
57.1,33.5,-117.1,375,,,,,Streptophyta
56,33.5,-117.1,375,,,,,Streptophyta
54.8,34.1,-118.6,360,,,,,Streptophyta
55.8,43.04,-73,760,,,,,Streptophyta
52.3,33.5,-117.1,375,,,,,Streptophyta
57.5,43.04,-73,760,,,,,Streptophyta
56.3,34.1,-118.6,360,,,,,Streptophyta
55.7,34.1,-118.6,360,,,,,Streptophyta
56.5,33.5,-117.1,375,,,,,Streptophyta
56.4,43.04,-73,760,,,,,Streptophyta
52.9,34.1,-118.6,360,,,,,Streptophyta
71.5,43.04,-73,760,,,,,Streptophyta
52.7,33.5,-117.1,375,,,,,Streptophyta
58.3,33.5,-117.1,375,,,,,Streptophyta
53.1,33.5,-117.1,375,,,,,Streptophyta
50.2,33.5,-117.1,375,,,,,Streptophyta
60.8,33.5,-117.1,375,,,,,Streptophyta
62.4,33.5,-117.1,375,,,,,Streptophyta
59.1,33.5,-117.1,375,,,,,Streptophyta
58.6,33.5,-117.1,375,,,,,Streptophyta
54.1,33.5,-117.1,375,,,,,Streptophyta
54.9,43.04,-73,760,,,,,Streptophyta
53,34.1,-118.6,360,,,,,Streptophyta
50.7,34.1,-118.6,360,,,,,Streptophyta
52.7,43.04,-73,760,,,,,Streptophyta
55.6,33.5,-117.1,375,,,,,Streptophyta
59.1,33.5,-117.1,375,,,,,Streptophyta
51.7,47.2,11.5,600,,,,,Streptophyta
,,,,-7.9,,,,Streptophyta
,,,,-12.5,,,,Streptophyta
,,,,-5.8,-45.9,170.5,70,Streptophyta
,,,,-4.9,,,,Streptophyta
,,,,-4.4,,,,Streptophyta
,,,,-8.1,-41.7,145.1,300,Streptophyta
,,,,-4.6,,,,Streptophyta
,,,,-4.4,,,,Streptophyta
,,,,-7.8,,,,Streptophyta
,,,,-8,,,,Streptophyta
,,,,-4.7,,,,Streptophyta
,,,,-13.9,-42.7,146.6,1000,Streptophyta
,,,,-6.4,,,,Streptophyta
,,,,-11.5,,,,Streptophyta
,,,,-8.5,-29.18,153.37,20,Streptophyta
,,,,-4.1,-37,140.5,40,Streptophyta
,,,,-5.2,,,,Streptophyta
,,,,-10.1,,,,Streptophyta
,,,,-20.1,,,,Streptophyta
,,,,-10.5,-33.3,150.6,200,Streptophyta
,,,,-4.4,,,,Streptophyta
,,,,-12.9,,,,Streptophyta
,,,,-8.5,,,,Streptophyta
,,,,-3.8,,,,Streptophyta
,,,,-5.5,,,,Streptophyta
,,,,-7,-45.9,170.5,70,Streptophyta
,,,,-5,-45.9,170.5,70,Streptophyta
,,,,-6.7,-35.04,138.7,400,Streptophyta
,,,,-4.9,,,,Streptophyta
,,,,-3.8,,,,Streptophyta
,,,,-4.7,,,,Streptophyta
,,,,-5.1,,,,Streptophyta
,,,,-11.1,,,,Streptophyta
,,,,-4.9,,,,Streptophyta
,,,,-8.1,-37.5,149.7,100,Streptophyta
,,,,-8.7,,,,Streptophyta
,,,,-7.9,,,,Streptophyta
,,,,-5.2,-45.9,170.5,70,Streptophyta
,,,,-4.5,,,,Streptophyta
,,,,-5.9,,,,Streptophyta
,,,,-7.9,,,,Streptophyta
,,,,-4.7,,,,Streptophyta
,,,,-4.9,,,,Streptophyta
,,,,-4.9,,,,Streptophyta
,,,,-4.2,,,,Streptophyta
,,,,-5.2,,,,Streptophyta
,,,,-11,,,,Streptophyta
,,,,-4.9,,,,Streptophyta
,,,,-4.8,,,,Streptophyta
,,,,-5.1,,,,Streptophyta
,,,,-8.1,-36,146,150,Streptophyta
,,,,-4.5,-33.87,151.21,30,Streptophyta
,,,,0.7,,,,Streptophyta
,,,,-7.8,-45.9,170.5,70,Streptophyta
,,,,-7,,,,Streptophyta
,,,,-4.4,-29,153,50,Streptophyta
,,,,-4.9,,,,Streptophyta
,,,,-8.4,,,,Streptophyta
,,,,-4.3,,,,Streptophyta
,,,,-7.5,-45.9,170.5,70,Streptophyta
,,,,-4.9,,,,Streptophyta
,,,,-5.1,,,,Streptophyta
,,,,-11.1,-41.6,145.6,500,Streptophyta
,,,,-7.5,-45.9,170.5,70,Streptophyta
,,,,-8.6,,,,Streptophyta
,,,,1,,,,Streptophyta
,,,,-5.4,-45.9,170.5,70,Streptophyta
,,,,-7.45,-45.9,170.5,70,Streptophyta
,,,,-7.55,-45.9,170.5,70,Streptophyta
,,,,-4.9,,,,Streptophyta
,,,,-9,,,,Streptophyta
,,,,-7.6,-45.9,170.5,70,Streptophyta
,,,,-5.1,-45.9,170.5,70,Streptophyta
,,,,-5.6,-45.9,170.5,70,Streptophyta
,,,,-8.8,,,,Streptophyta
,,,,-17.5,,,,Streptophyta
,,,,-10.4,-45.9,170.5,70,Streptophyta
,,,,-12.4,-45.9,170.5,70,Streptophyta
,,,,-8.9,,,,Streptophyta
,,,,-4.6,,,,Streptophyta
,,,,-4.9,,,,Streptophyta
,,,,-9,,,,Streptophyta
,,,,-10.8,-45.9,170.5,70,Streptophyta
,,,,-7.8,-45.9,170.5,70,Streptophyta
,,,,-11.9,-45.9,170.5,70,Streptophyta
,,,,-4.7,,,,Streptophyta
,,,,-6,,,,Streptophyta
,,,,-13.5,-45.9,170.5,70,Streptophyta
,,,,-12.4,,,,Streptophyta
,,,,-7.5,-45.9,170.5,70,Streptophyta
,,,,1.2,,,,Streptophyta
,,,,-5.9,-45.9,170.5,70,Streptophyta
,,,,-4.9,-45.9,170.5,70,Streptophyta
,,,,-4.6,,,,Streptophyta
,,,,-5.2,-33.9,24.2,900,Streptophyta
,,,,-4.8,,,,Streptophyta
,,,,-4.9,,,,Streptophyta
,,,,-14.3,,,,Streptophyta
,,,,-11.1,-45.9,170.5,70,Streptophyta
,,,,-9.1,-45.9,170.5,70,Streptophyta
,,,,-4.7,-33.7,19.2,1300,Streptophyta
,,,,-4.8,-34.5,19.9,100,Streptophyta
,,,,-4.9,-33.4,22,300,Streptophyta
,,,,-7.9,,,,Streptophyta
,,,,-5.3,-33.9,24.2,900,Streptophyta
,,,,-4.9,-32.9,17.9,100,Streptophyta
,,,,-4.3,-34.2,18.4,600,Streptophyta
,,,,-4.9,-45.9,170.5,70,Streptophyta
,,,,-4.1,,,,Streptophyta
,,,,-4.5,,,,Streptophyta
,,,,-14.2,,,,Streptophyta
,,,,-4.8,-33.9,24.2,900,Streptophyta
,,,,-7.4,-45.9,170.5,70,Streptophyta
,,,,-8.5,,,,Streptophyta
,,,,-6.7,-33.9,24.2,900,Streptophyta
,,,,-7.5,-45.4,170.1,1240,Streptophyta
,,,,-8.4,-45.4,170.1,1240,Streptophyta
,,,,-8.2,-45.4,170.1,1240,Streptophyta
,,,,-7.6,-45.4,170.1,1240,Streptophyta
,,,,-7.7,-45.4,170.1,1240,Streptophyta
,,,,-8.5,-45.4,170.1,1240,Streptophyta
,,,,-8.1,-45.4,170.1,1240,Streptophyta
,,,,-7.9,-45.4,170.1,1240,Streptophyta
,,,,-12.4,-45.4,170.1,1240,Streptophyta
,,,,-13.1,-44.9,169.1,1520,Streptophyta
,,,,-9.3,-45.4,170.1,1240,Streptophyta
,,,,-8.7,-45.4,170.1,1240,Streptophyta
,,,,-12.9,-45.4,170.1,1240,Streptophyta
,,,,-7.7,-45.4,170.1,1240,Streptophyta
,,,,-12.6,-44.9,169.1,1520,Streptophyta
,,,,-7.7,-45.4,170.1,1240,Streptophyta
,,,,-12.1,-45.4,170.1,1240,Streptophyta
,,,,-13,-44.9,169.1,1520,Streptophyta
,,,,-8.3,-45.4,170.1,1240,Streptophyta
,,,,-7.6,-45.4,170.1,1240,Streptophyta
,,,,-8.7,-45.4,170.1,1240,Streptophyta
,,,,-13.2,-44.9,169.1,1520,Streptophyta
,,,,-30,32.4,-110.75,1800,Streptophyta
,,,,-30.9,32.4,-110.75,1800,Streptophyta
,,,,-9,-42.72,171.57,150,Streptophyta
,,,,-8.8,-42.72,171.57,985,Streptophyta
,,,,-11.2,-43.12,171.7,1350,Streptophyta
,,,,-15.6,-43.12,171.7,1365,Streptophyta
,,,,-18,-43.12,171.7,1400,Streptophyta
,,,,-39,43.04,-73,340,Streptophyta
,,,,-35.7,43.04,-73,340,Streptophyta
,,,,-39,43.04,-73,340,Streptophyta
,,,,-17.1,-37.83,-71.99,408,Streptophyta
,,,,-15.1,-33.08,-71.49,35,Streptophyta
,,,,-10.8,-33.44,-71.65,176,Streptophyta
,,,,-10.5,-33.44,-71.65,176,Streptophyta
,,,,-9.6,-33.44,-71.65,176,Streptophyta
,,,,-10.8,-37.14,-73.14,33,Streptophyta
,,,,-10.1,-33.44,-71.65,176,Streptophyta
,,,,-17,-37.83,-71.99,408,Streptophyta
,,,,-15.9,-41.88,-73.67,34,Streptophyta
,,,,-9.4,-41.88,-73.66,38,Streptophyta
,,,,-11.8,-37.14,-73.14,33,Streptophyta
,,,,-12.1,-41.88,-73.67,34,Streptophyta
,,,,-9.7,-33.08,-71.49,35,Streptophyta
58.5,61,28,70,-20.4,61,28,70,Streptophyta
57.7,61,28,70,-16.9,61,28,70,Streptophyta
58.1,61,28,70,-16.4,61,28,70,Streptophyta
59.7,61,28,70,-21.5,61,28,70,Streptophyta
59.2,61,28,70,-18.5,61,28,70,Streptophyta
49.9,46.86,10.89,1998,-16.1,46.86,10.89,1998,Streptophyta
,,,,-13.2,-45.4,170.1,1240,Streptophyta
,,,,-12.6,-45.4,170.1,1240,Streptophyta
25.3,-62.274585,-58.647817,0,,,,,Chlorophyta
30,48.7262,-3.985322,0,3,48.7262,-3.985322,0,Chlorophyta
30,48.7262,-3.985322,0,3,48.7262,-3.985322,0,Chlorophyta
30,48.7262,-3.985322,0,-2,48.7262,-3.985322,0,Chlorophyta
35,17.953043,-67.154763,0,1,17.953043,-67.154763,0,Chlorophyta
35,17.953043,-67.154763,0,-2,17.953043,-67.154763,0,Chlorophyta
35,17.953043,-67.154763,0,,17.953043,-67.154763,0,Chlorophyta
35,17.953043,-67.154763,0,,,,,Chlorophyta
35,17.953043,-67.154763,0,,,,,Chlorophyta
35,17.953043,-67.154763,0,,,,,Chlorophyta
26,69.241375,-53.55309,0,-19.6,-45.95,170.333333,0,Chlorophyta
22,66.817989,-53.495628,0,,,,,Chlorophyta
23,69.241375,-53.55309,0,,,,,Chlorophyta
25.7,69.241375,-53.55309,0,,,,,Chlorophyta
31,69.241375,-53.55309,0,,,,,Chlorophyta
28,69.241375,-53.55309,0,,,,,Chlorophyta
23,69.241375,-53.55309,0,,,,,Chlorophyta
24,43.992809,-69.240905,0,,,,,Chlorophyta
30,43.992809,-69.240905,0,,,,,Chlorophyta
25,48.536683,-123.015409,0,,,,,Chlorophyta
24.2,54.19261,7.86732,0,,,,,Chlorophyta
30,54.19261,7.86732,0,,,,,Chlorophyta
25,54.19261,7.86732,0,,,,,Chlorophyta
28,54.19261,7.86732,0,,,,,Chlorophyta
29,54.19261,7.86732,0,,,,,Chlorophyta
28,54.19261,7.86732,0,,,,,Chlorophyta
28,54.19261,7.86732,0,,,,,Chlorophyta
29,54.19261,7.86732,0,,,,,Chlorophyta
25,-25.858025,-48.56247,0,,,,,Chlorophyta
25.5,-62.210794,-58.956171,0,,,,,Chlorophyta
25,-62.210794,-58.956171,0,,,,,Chlorophyta
25,-62.274585,-58.647817,0,,,,,Chlorophyta
,,,,11,10.448419,-64.197836,0,Chlorophyta
,,,,3,10.448419,-64.197836,0,Chlorophyta
44,32.22,-110.92,,,,,,Chordata
42.3,27.67,-81.57,,,,,,Chordata
21.1,45.09,-66.96,0,,,,,Chordata
32.1,42,-76,0,,,,,Chordata
31.1,42,-76,0,,,,,Chordata
37.1,42,-76,0,,,,,Chordata
42,40.88,17.15,,6,40.88,17.15,,Chordata
25.3,43.36,-124.21,0,,,,,Chordata
25.8,43.36,-124.21,0,,,,,Chordata
28.8,43.36,-124.21,0,,,,,Chordata
39.3,33,-120,0,,,,,Chordata
30.5,45,13,0,,,,,Chordata
31.1,45,13,0,,,,,Chordata
29.4,45,13,0,,,,,Chordata
31.2,45,13,0,,,,,Chordata
28.9,55,-130,0,,,,,Chordata
26.4,55,-130,0,,,,,Chordata
